N,P,K,temperature,humidity,ph,rainfall,label,is_synthetic
70.0,36.0,42.0,21.84106875,80.72886384,6.9462098810000015,202.3838319,rice,False
101.0,58.0,18.0,25.66891439,81.38103349,6.652143699,78.59595817,cotton,False
82.0,35.0,44.0,26.96656378,78.21047693,6.239011,169.8391177,jute,False
37.0,72.0,18.0,18.87614998,24.54038287,5.724242065,105.4120514,kidneybeans,False
6.0,77.0,20.0,25.78746268,60.2816298,6.058306161,49.14337177,lentil,False
35.0,52.0,15.0,28.69841277,61.14754363,9.93509073,65.67591794,mothbeans,False
15.287856812168933,64.88979549255677,19.51117189634092,18.257930000978444,21.14744358468969,5.7580363827257965,100.70338954706553,kidneybeans,True
0.0,65.0,15.0,23.46168338,23.22197648,5.645435626,95.84253438,kidneybeans,False
89.0,83.0,47.0,28.09577643,77.79586769,5.63127166,109.5408614,banana,False
25.0,21.0,11.0,32.23797837,90.15406807,6.460044777999999,104.7052254,orange,False
20.134716008707883,19.19782436816191,37.14953417786058,21.749148002765384,89.18136379797863,6.137597104639201,109.604427075746,pomegranate,True
71.0,60.0,22.0,26.07470121,59.37147589,6.2048017,85.75692395,maize,False
16.531090552489733,23.134914669284985,29.003300143069893,26.493546766332727,94.19123310295979,6.036997543278407,174.17771090659218,coconut,True
65.0,39.0,45.0,23.66805429,70.89000744,6.768001309,184.4633281,jute,False
87.13574797190645,45.583851281673894,35.948696837519485,25.25729416544859,77.71482875790316,6.742291730656066,174.13911487960326,jute,True
52.0,60.0,79.0,19.45339934,18.23490739,8.380185271,75.6317566,chickpea,False
37.0,66.0,85.0,20.93175255,18.91295403,6.456148474,78.06910795,chickpea,False
39.0,77.0,21.0,22.99774444,60.24218572,4.603563116,159.689339,pigeonpeas,False
39.0,17.0,45.0,18.09691127,90.42177379,6.9244907310000015,104.88188999999998,pomegranate,False
112.0,49.0,25.0,25.68959532,77.90621048,6.470135478,66.19426787,cotton,False
69.0,51.0,23.0,22.21738222,72.85462807,6.80163854,106.6213157,maize,False
14.82500436949097,135.46278082162607,197.01877185176204,24.90754860240348,82.80225137902484,6.098813146341364,69.86365094114521,grapes,True
21.0,31.0,32.0,35.38598705,51.42664176,5.254532213,90.29643888,mango,False
6.0,63.0,23.0,26.01630259,49.94704718,5.906596905,160.33374469999995,pigeonpeas,False
18.0,58.0,16.0,21.47607807,38.80023714,4.962661422,180.382234,pigeonpeas,False
16.49806628580691,142.88251497212664,198.52614054578484,22.977826871260476,91.67490021164,6.054927634303675,114.0219298191964,apple,True
111.0,5.0,52.0,29.8843055,94.0371147,6.135996372,21.0000988,muskmelon,False
9.0,16.0,36.0,23.77989026,92.93386903,5.893332377999999,106.977723,pomegranate,False
76.0,51.0,18.0,26.16985907,71.96246617,6.247040422,79.84925393,maize,False
30.0,120.0,200.0,38.06099482,82.24729637,6.234904253,65.70148216,grapes,False
110.0,25.0,54.0,28.91105641,90.78413842,6.425930938,23.44398467,muskmelon,False
42.0,67.0,77.0,18.99424448,15.9362937,7.114405288,78.69707199,chickpea,False
63.0,43.0,17.0,19.28889933,65.47050802,6.807487794,71.3195307,maize,False
105.72445094281879,21.75257050740565,49.527207054886446,28.677784308665817,92.56903215762539,6.422923010618092,24.505375091449856,muskmelon,True
14.0,140.0,197.0,23.35225078,90.90054697,6.071255131,113.0381382,apple,False
37.0,18.0,39.0,24.1469628,94.5110662,6.424670614,110.2316633,pomegranate,False
30.0,122.0,197.0,21.37784654,92.72043743,5.573241391,106.1417017,apple,False
63.0,58.0,50.0,43.03714283,94.6428898,6.720744449,41.5856585,papaya,False
20.0,41.0,20.0,29.27308605,89.4875022,7.073048264,50.9246554,mungbean,False
10.851870600192509,131.53357620483052,200.20224953778487,17.58699080089341,81.85493714546723,6.033952946916755,66.42982087380277,grapes,True
23.97390308429408,132.28806279832054,201.30440332070694,19.7265034810392,81.24219340223651,6.0593867481538775,70.49877237301168,grapes,True
44.0,59.0,78.0,20.67526473,19.85388984,7.599033472,84.78344008,chickpea,False
107.0,71.0,55.0,29.42017919,83.96754496,6.088064451,117.229079,banana,False
96.0,86.0,51.0,29.90888522,76.98740841,6.257369799,91.99964712,banana,False
30.0,65.0,25.0,32.88733849,64.59457409,7.70650895,71.50569456,blackgram,False
119.0,72.0,55.0,25.99069521,83.33983116,6.220643671,112.0777152,banana,False
37.0,18.0,12.0,10.2708877,90.19147747,7.401121811,106.69552040000002,orange,False
80.0,43.0,16.0,23.55882094,71.59351368,6.657964753,66.71995467,maize,False
125.0,39.0,21.0,25.03149561,82.21276599,7.954629324,95.0191318,cotton,False
34.0,54.0,24.0,31.2119298,41.55934359,5.026003659,68.80141783,mothbeans,False
102.0,37.0,25.0,25.31468463,77.91757121,5.907930899,72.82902109,cotton,False
31.00582978543209,17.553532451896324,40.652350645076005,24.038401586240003,89.34841249567638,6.87513617882175,107.53614835188239,pomegranate,True
17.2960133910706,135.50445945329537,201.89224194383203,22.329319147438945,91.85632990728823,5.640926012898786,112.07707244640093,apple,True
80.0,18.0,52.0,27.87317436,91.14849627,6.484799661,24.05207925,muskmelon,False
42.0,74.0,83.0,19.2582557,14.2804191,7.545258424,65.78042032,chickpea,False
83.0,22.0,54.0,25.89762315,81.96664832,6.277245253999999,54.49960057,watermelon,False
76.0,60.0,39.0,20.0454142,80.3477562,6.766240045,208.5810155,rice,False
15.869675164813067,14.053636471149069,8.926467209178334,18.054946757355783,91.09715120846376,6.960764895839365,108.78005299349927,orange,True
60.0,46.0,22.0,24.89364635,65.61418761,6.625404347999999,87.9298085,maize,False
100.0,18.0,52.0,26.20234499,80.38266489,6.87606733,56.47941847,watermelon,False
21.093352607691667,16.531215941380292,41.104616769268645,22.635729436471973,89.03966137769258,6.3080089920534155,104.30685175884437,pomegranate,True
76.0,57.0,18.0,18.9802729,74.52600826,6.092725883,94.26249353,maize,False
81.0,16.0,45.0,26.90435747,86.25426228,6.727468157000001,59.75980023,watermelon,False
35.0,58.0,20.0,29.38538562,63.47742011,5.761702519,90.05422663,pigeonpeas,False
38.0,51.0,52.0,32.66160599,90.78931681,6.927803911,78.85085502,papaya,False
140.0,45.0,15.0,25.5308271,80.04662756,5.801047545,99.39557151,cotton,False
12.0,80.0,19.0,21.91041045,65.21662467,5.962001484,36.10211371,lentil,False
25.0,7.0,35.0,28.38503882,99.18843684,5.55771171,189.67113490000003,coconut,False
8.0,54.0,20.0,28.3340432,80.77275974,7.034214276,38.7976407,mungbean,False
99.57721539549681,85.19964129838988,46.67914635817987,26.450884332938973,78.2790012189625,5.668096773888884,101.43976507072001,banana,True
30.867864674515044,19.405871058637018,10.077459388297658,22.567201063981663,92.56884276351552,6.9836251098486155,111.01706796083899,orange,True
94.0,37.0,41.0,24.7634518,87.06071115,6.4635387070000005,179.1630865,jute,False
85.0,52.0,45.0,26.31355498,82.36698992,7.224285503,265.5355937,rice,False
20.670848064503097,47.12222128607219,18.725577023971358,29.528838797812384,85.40560515503192,6.665534335336461,48.495989863632694,mungbean,True
32.0,11.0,31.0,25.06871967,93.31410447,6.205931637999999,134.84190690000003,coconut,False
72.66537622361689,49.47952941807439,20.169815623256916,23.0391128175734,66.01023713086154,6.071077428321354,74.2735647214282,maize,True
63.0,50.0,52.0,28.64555584,93.22642604,6.751747609,115.8163936,papaya,False
117.0,19.0,55.0,28.80311922,91.78336933,6.121745389,25.16359891,muskmelon,False
49.0,71.0,76.0,19.71098332,17.63879418,6.613072145,85.57925437,chickpea,False
29.219590016059577,61.6930043932532,20.00844086170138,29.27123507136778,61.52992977084504,7.280141881498524,68.4539739993421,blackgram,True
22.0,60.0,85.0,18.8392908,14.74071856,7.811997977000001,94.78189594,chickpea,False
14.0,23.0,25.0,26.18552389,96.96637916,5.6121227970000005,135.4186222,coconut,False
126.0,46.0,25.0,24.43847399,81.69801729,6.757457943,60.79645852,cotton,False
36.0,7.0,37.0,19.8671184,86.35590206,5.782435567,108.3168858,pomegranate,False
20.43067653185004,50.86952798853831,19.883416629367925,27.64612279046941,52.46504422150871,5.646973334451353,53.928216817603115,mothbeans,True
8.0,33.0,29.0,29.98080499,49.48613279,6.442393461,91.82271568,mango,False
16.0,56.0,17.0,33.80020039,40.03262418,7.445444882999999,176.6165894,pigeonpeas,False
94.0,91.0,51.0,29.16093424,76.67484233,5.6180944460000015,109.575944,banana,False
95.0,16.0,55.0,25.26931156,87.55055105,6.612847999,40.12650421,watermelon,False
55.0,60.0,15.0,32.79766751,68.77994074,7.163043872,64.11411069,blackgram,False
9.0,143.0,197.0,23.75033085,92.88160462,5.570020684,117.6602827,apple,False
8.0,45.0,15.0,28.09568993,60.98353839999999,4.61136408,33.84110759,mothbeans,False
46.89775136951046,56.75776742155785,50.23488693691819,32.44161282387141,91.61558206549431,6.716940682516118,153.56214016162696,papaya,True
94.12497825181997,20.76211387367089,50.14803791093546,25.453793354476723,84.11298166522963,6.4169898326491515,55.897302098749,watermelon,True
35.0,135.0,199.0,21.77466746,80.54942557,6.400719746,69.39630398,grapes,False
38.0,36.0,21.0,28.02952623,84.8845732,6.5563729660000005,36.12042927,mungbean,False
76.0,39.0,24.0,24.2547451,55.64709899,6.995843776,64.23845455,maize,False
130.0,59.0,19.0,25.07278712,82.50257909,6.520403794,93.51042684,cotton,False
60.0,46.0,53.0,24.48620746,92.98254537,6.761953186,183.49095,papaya,False
46.08109836430571,65.69876314377123,81.2340220947481,19.269071612433812,16.043147868648653,7.727062965809515,82.83380502971315,chickpea,True
49.0,69.0,82.0,18.31561493,15.36143547,7.26311855,81.78710463,chickpea,False
38.0,60.0,76.0,18.65054116,17.80852431,8.868741443,77.92798682,chickpea,False
30.988339117064978,21.14000691634297,30.205193856632242,27.929626991251702,97.44167459229273,6.258511611723324,157.59063534124888,coconut,True
117.0,24.0,53.0,29.17220859,92.21405224,6.293486295,21.30290472,muskmelon,False
103.45541565377998,81.79165899429206,49.76179045858139,26.820107949091245,80.96172368870029,5.86865898129357,107.75461520239304,banana,True
90.0,16.0,45.0,24.92093261,80.61750795,6.291540277999999,50.55710813,watermelon,False
19.0,51.0,25.0,26.80474415,48.23991436,3.5253661,43.87801983,mothbeans,False
22.0,70.0,19.0,18.23775702,21.07643273,5.515615023,69.44951585,kidneybeans,False
87.0,60.0,23.0,20.27317074,63.91281869,6.439071996,62.50351892,maize,False
37.0,56.0,25.0,22.05592283,19.60379304,5.774755143999999,126.7265372,kidneybeans,False
78.0,46.0,42.0,23.09499564,78.45959697,7.095413294,155.3851533,jute,False
78.0,58.0,15.0,25.00933355,67.816568,6.5286312660000005,62.91359494,maize,False
93.0,56.0,42.0,23.85724032,82.22572988,7.382762603,195.0948311,rice,False
53.31164319460561,63.02596152513941,48.93667231407133,35.56074782800464,92.54246238649536,6.615344205798318,203.82198255211756,papaya,True
30.0,41.0,15.0,24.83206631,44.17085032,5.88509677,52.0810886,mothbeans,False
96.25086321098931,20.971988779878295,51.95055177301592,28.96652068297568,91.6195960954744,6.5217697358854325,26.39502527904886,muskmelon,True
116.0,40.0,33.0,24.91370487,54.15319242,7.042089492000001,129.5481144,coffee,False
7.0,60.0,25.0,28.2753171,82.76020821,6.397636709,56.04995423,mungbean,False
104.0,23.0,47.0,26.98212846,86.70068316,6.770434148,42.91292205,watermelon,False
27.85706269499625,17.337053854020095,31.783124315331825,27.100071286791845,94.77770613415883,5.959951513903118,163.3663691215841,coconut,True
21.0,21.0,30.0,27.69819273,51.41593238,5.403908327999999,100.7720705,mango,False
79.96889856702724,51.11717931981347,18.805065926260678,22.458642327786276,63.393338386841,6.136549991760094,76.02215880428945,maize,True
9.0,8.0,15.0,14.34320488,94.35734702,7.994465371,110.22231229999998,orange,False
11.0,27.0,30.0,27.69637763,48.56224879999999,6.39474303,89.85646496,mango,False
61.0,59.0,17.0,23.33844615,59.24580604,6.47444292,105.0083144,maize,False
12.0,78.0,23.0,16.06522754,18.72479695,5.99812453,88.06638775,kidneybeans,False
27.0,61.0,18.0,33.30711818,67.07780816,5.266227032,108.5090168,pigeonpeas,False
100.0,76.0,45.0,25.56703012,75.94067692,5.590236025,102.7867717,banana,False
90.0,42.0,43.0,20.87974371,82.00274423,6.502985292000001,202.9355362,rice,False
20.0,60.0,78.0,18.17234999,14.70085967,6.358740355,90.7760707,chickpea,False
36.52630512004132,73.17133163151912,80.31754826465122,18.784379145385063,17.230735634679583,7.3617581008845505,80.49748840129696,chickpea,True
32.0,41.0,16.0,28.63618921,61.39451307,7.702287236,68.54877876,mothbeans,False
33.55728330647507,60.81991767046256,19.39786691301892,31.223621737637913,67.63355363509842,7.230120637157317,67.10648534199,blackgram,True
26.0,63.0,17.0,29.87854588,65.73085206,6.950300686,44.95654782,lentil,False
85.0,37.0,39.0,24.52783742,82.73685569,6.364134967999999,224.67572310000003,rice,False
31.33484318175889,130.65012581436406,201.18682612547343,21.916872883693767,81.94217463675281,6.13582311565745,68.92915238790916,grapes,True
94.0,50.0,37.0,25.66585205,80.66385045,6.94801983,209.5869708,rice,False
78.0,40.0,38.0,26.46428311,83.85642678,7.549873681,248.2256491,rice,False
26.06213585893593,11.521043482821788,11.228003572773712,20.192017150433855,93.31560658942064,7.232948302966154,107.59340076195708,orange,True
48.0,62.0,15.0,25.36586097,66.6379724,7.538631462000001,65.81655892,blackgram,False
24.0,42.0,23.0,28.22471276,82.35916228,6.428054409,44.01206619,mungbean,False
18.0,74.0,15.0,24.9035819,22.27512704,5.70836603,146.4727237,kidneybeans,False
24.79258412991294,45.20995615368038,18.166831096842216,27.810030620591476,53.48051346285824,5.088044853971441,43.29761892860824,mothbeans,True
9.214685225038318,8.513826100137726,31.783215242186547,27.451788778192633,95.18066238920595,5.785804851792282,175.34426997709423,coconut,True
95.0,14.0,50.0,26.6333118,84.31756844,6.560443519,56.31866159,watermelon,False
17.0,11.0,32.0,28.74013335,93.39676499,5.620733794,156.76508230000005,coconut,False
33.0,134.0,205.0,21.0365275,94.33919546,6.08551916,114.7412734,apple,False
20.687497582827522,26.091350650494874,32.9005848779305,33.83908857150464,50.220674470413066,5.788881904027316,94.08113093423066,mango,True
34.0,15.0,34.0,27.05826457,91.10510371,5.677282677999999,224.70069530000004,coconut,False
27.0,24.0,29.0,26.61423461,96.97300803,6.142010637,191.006688,coconut,False
122.0,48.0,16.0,24.65425757,75.6350708,6.307585854,61.82980133,cotton,False
99.0,16.0,30.0,23.52652084,65.44340921,6.392791654,186.1728203,coffee,False
113.0,20.0,48.0,27.46583649,94.87679041,6.440584681,27.27899847,muskmelon,False
60.0,58.0,51.0,42.07213781,92.92203105,6.840802254,165.7412972,papaya,False
73.0,45.0,37.0,23.70467146,74.63745355,6.742688094,181.2783964,jute,False
9.0,141.0,202.0,21.01245395,81.17931863,6.119495295,66.38448261,grapes,False
97.0,8.0,52.0,24.9103226,86.97190046,6.237861736,49.48575692,watermelon,False
77.0,57.0,21.0,24.9321581,73.80435276,6.550563822999999,79.74078719,maize,False
25.0,78.0,76.0,17.48042641,15.7559405,7.228963452,66.96980581,chickpea,False
122.0,40.0,17.0,24.96440768,81.31677618,6.854558957,80.03995829,cotton,False
13.0,5.0,8.0,23.85340379,90.10522549,7.474710503,103.923226,orange,False
44.0,60.0,55.0,34.2804607,90.55561637,6.825371185,98.54047745,papaya,False
95.0,37.0,35.0,27.31317116,68.42333909999999,6.348337518999998,192.4288139,coffee,False
104.0,20.0,26.0,27.22783677,52.95261751,7.493191968,175.7260273,coffee,False
91.40214518808261,74.03902737207558,48.1601734993653,27.049221815181195,79.94685089265123,6.246048825362303,109.82412595877716,banana,True
63.0,42.0,21.0,23.26237612,72.33125523,5.798423907999999,67.10225139,maize,False
23.042995504040686,50.21893970826107,19.73108541595583,28.95078214094615,85.06612619340729,6.693314167782802,44.92596554376546,mungbean,True
109.04449477455019,42.47231804565498,18.70765517678608,24.68650527822272,78.86792614035615,7.113436741092012,77.37491005516287,cotton,True
41.0,62.0,15.0,29.38400259,64.14928485,7.358974541,65.24194361,blackgram,False
117.0,76.0,47.0,25.56202173,77.38229006,6.119216009,93.10247183,banana,False
29.0,70.0,15.0,30.33499674,63.54718862,6.872594461,74.16699119,blackgram,False
119.0,9.0,50.0,26.74550678,83.9195902,6.251286661,40.794305,watermelon,False
24.36093888424096,10.222177862856043,30.553570494508605,27.66246617240755,95.59117238086357,6.0020551860162294,179.97828039505723,coconut,True
32.0,48.0,18.0,26.45707778,56.40226277,5.993513566,64.16167699,mothbeans,False
120.54367719207285,46.237931002619106,19.622907880504382,24.53450197532572,76.86449785838376,6.293711279728468,81.93569971125338,cotton,True
23.567504343298562,41.01974185922982,18.789452584526877,29.68830226270255,59.54256779586698,5.6992990086339,48.93380614601032,mothbeans,True
18.15411132319474,127.3481332108613,200.7479878500141,26.50493096416477,82.01157257871522,6.169875179987371,69.74151093004525,grapes,True
44.540001238477615,68.33403127823917,18.261287449047025,31.922532167550248,64.50188095064527,7.139932217635867,68.44674308295193,blackgram,True
122.01352285748874,52.88652561207559,21.81891802873406,23.06560087594708,80.94922383610681,7.358626371111388,77.83264131742631,cotton,True
95.0,21.0,47.0,27.93114233,93.56161439,6.431970877,20.66127836,muskmelon,False
32.0,137.0,204.0,22.86006627,93.12859895,5.824151692999999,117.7296726,apple,False
6.0,69.0,19.0,26.88630675,41.69617915,4.7509292180000005,94.46748008,pigeonpeas,False
23.24826878624163,135.97336925491192,203.44606732118237,22.462807806245007,91.95981680624347,5.820238337824689,114.84242569476837,apple,True
1.0,66.0,23.0,19.54317155,56.92831399,4.803564468,173.1686574,pigeonpeas,False
111.0,50.0,15.0,25.16820129,80.30351815,7.884550475,84.62419032,cotton,False
22.0,72.0,85.0,18.86805647,15.65809214,6.391173589,88.51048983,chickpea,False
24.77986021685887,125.99864151166615,198.9444535519332,27.60808141551403,81.71062214909098,5.949571569868141,71.67936170180108,grapes,True
6.0,30.0,40.0,22.77035608,91.45498527,6.36137446,106.9659201,pomegranate,False
91.0,35.0,38.0,24.8972823,80.52586088,6.13428721,183.6793207,rice,False
118.72910593748473,15.147436474027524,50.241142764718276,28.018963196598804,92.43045124448975,6.250773853479239,24.076242262241955,muskmelon,True
106.68246582140313,19.416251970372087,50.99464368303352,27.900300569879505,93.72517284311606,6.220831472270617,26.810065335141786,muskmelon,True
2.0,51.0,17.0,25.87682261,45.96341933,5.838508699,38.53254678,mothbeans,False
65.0,62.0,51.0,31.53243779,90.87394933,6.5116248410000015,207.0735119,papaya,False
39.0,60.0,15.0,35.09357419,30.98685456,5.004074623999999,116.9106908,pigeonpeas,False
12.0,34.0,28.0,33.36140093,45.02236377,6.13526938,98.81596545,mango,False
99.0,57.0,38.0,24.80624984,82.09281674,6.356295567999999,156.3616174,jute,False
18.0,55.0,23.0,21.9989826,56.31006755,6.98571967,136.82743119999998,pigeonpeas,False
9.53536660137387,63.72000791843889,21.72055853202746,34.11985212808993,52.04361480990415,5.755964616969425,142.33318851703118,pigeonpeas,True
19.686486234816822,132.6482747533722,199.69842407593543,20.02240007587575,81.70461959719968,6.0555218027787365,68.47950894456295,grapes,True
33.0,58.0,24.0,35.45790488,68.75810535,5.269504214,108.6333046,pigeonpeas,False
49.0,55.0,51.0,24.87212063,93.90560147,6.676578778,135.16945249999998,papaya,False
19.019375180549876,20.700037421285977,10.022210406978092,25.67647930221235,91.81988054042272,6.4946411017774,111.24208969061075,orange,True
33.0,121.0,203.0,22.45696744,94.76285385,5.6059340870000005,114.8407725,apple,False
95.0,57.0,41.0,23.24925555,73.65346838,6.434610995,184.7674863,jute,False
25.0,132.0,198.0,22.31944084,90.85174383,5.732757516,100.1173443,apple,False
21.450324373445703,11.937403599385402,5.205398576605958,18.933246195789632,91.83274830291327,6.842490831963891,114.8186251611929,orange,True
32.800353897117326,63.46695450725515,19.953839519752393,30.05161251771454,65.88620073278739,7.098994786870908,68.46605368313452,blackgram,True
98.1360988317621,23.644639108528757,53.63776639541661,24.885795446223682,84.6363942721475,6.350233998378976,53.685510820728,watermelon,True
23.455622900699385,129.4476230123801,200.22049571324197,23.713147437515968,81.98892562662027,6.355001797428699,68.83880338089753,grapes,True
5.0,77.0,19.0,31.08564994,66.68832981,6.242052013,175.9303271,pigeonpeas,False
86.0,40.0,33.0,26.1387869,52.26311691,7.432322234,136.3027766,coffee,False
95.0,82.0,48.0,27.39489579,83.31172003,5.719014989,92.78133617,banana,False
39.0,129.0,203.0,34.38922481,83.18392806,5.863996687,71.03001556,grapes,False
40.0,73.0,20.0,21.59343016,20.31871249,5.811314232000001,61.13872036,kidneybeans,False
18.154057662108457,14.112720811842646,29.52198019817605,26.800508775868533,97.9088801202236,6.019349043989677,188.7540746995952,coconut,True
4.0,18.0,37.0,22.91843172,85.40695044,7.13147457,106.2817706,pomegranate,False
5.0,19.0,25.0,27.351105600000004,54.43945147,6.441328044,96.27792547,mango,False
43.0,66.0,79.0,19.46233971,15.22538951,7.976607593,74.58565097,chickpea,False
21.0,63.0,17.0,25.08966129,68.17543102,6.559681838,41.45486619,lentil,False
44.0,74.0,85.0,20.18649426,19.63719995,7.150681303,78.26039559,chickpea,False
106.0,20.0,51.0,29.73019662,90.97015715,6.342573112,20.49035619,muskmelon,False
69.0,67.0,52.0,27.71948962,94.43877142,6.827305908,82.83061083,papaya,False
77.0,52.0,17.0,24.86374934,65.7420046,5.714799723,75.82270467,maize,False
79.80338338832321,45.84676371900314,22.208357018768016,21.21488769523293,64.17297293269559,6.267360756872846,76.27672337256698,maize,True
117.98817540841974,45.90611139050457,19.511135404739353,23.86722697427687,77.64376795790751,6.750705599789404,85.53448561195476,cotton,True
106.0,10.0,49.0,27.72653142,92.00687531,6.350623739,20.21126747,muskmelon,False
34.0,133.0,202.0,15.31413469,80.09711412,5.804799142,74.82144653,grapes,False
118.0,21.0,51.0,24.42998931,86.33904774,6.678805092,48.58241822,watermelon,False
22.0,38.0,31.0,31.53356352,53.06009323,5.8211060360000015,98.57025046,mango,False
19.14265819855331,47.30040935261665,20.177565529754332,28.678015808207626,83.56589982123026,6.5029386231669735,45.245728485950735,mungbean,True
56.0,79.0,15.0,29.48439992,63.19915325,7.454532137,71.89090748,blackgram,False
8.0,26.0,26.0,25.54759871,91.64194826,5.702484758,212.867626,coconut,False
49.477954648504216,59.28705879456125,49.44112879008596,33.66926429732136,92.37514763516664,6.754322238083993,66.72077722697261,papaya,True
19.0,65.0,25.0,18.09551014,18.29318436,5.6250964460000015,144.7902323,kidneybeans,False
29.0,138.0,197.0,22.19055385,92.43764169,5.830892252000001,121.6622761,apple,False
84.0,21.0,55.0,28.47090661,94.79453182,6.494251024,21.08484101,muskmelon,False
18.114210004421754,70.39312355786905,19.752336659833542,26.49556496252007,64.91545089033133,6.881827846464268,48.76750386718492,lentil,True
97.0,25.0,50.0,26.22005978,80.90127035,6.093814669,49.08553937,watermelon,False
33.0,77.0,21.0,30.32992227,65.62971858,7.01285529,71.64631281,blackgram,False
67.0,35.0,22.0,23.30546753,63.24648023,6.385684213999999,108.7603001,maize,False
108.0,46.0,17.0,24.3017998,84.87668973,6.93221485,65.0247867,cotton,False
99.0,39.0,18.0,19.20129357,68.30578978,6.11275104,87.85092352,maize,False
90.0,86.0,52.0,25.85036988,81.95580471,5.793260262,119.08561709999998,banana,False
22.372111810344137,18.495506149448552,12.304963205849258,16.500203534118672,91.84236833845871,7.261466269042147,114.89401060411122,orange,True
81.0,53.0,42.0,23.67575393,81.03569343,5.17782304,233.7034975,rice,False
20.018958502645827,24.849232487402602,30.888044069164895,30.838263852477883,48.82664767880518,5.668530936468937,95.08154030933196,mango,True
12.0,19.0,31.0,27.25373364,52.66319725,5.566704378,91.87312479,mango,False
35.0,74.0,22.0,26.7230014,62.96841833,6.898905799,42.87274897,lentil,False
115.39444723840793,29.070126567004372,32.838300719642305,25.808937168223864,61.68100067905282,6.639178875641047,147.097586688153,coffee,True
22.0,17.0,26.0,28.69818144,47.71875722,4.754435025,99.642454,mango,False
25.0,130.0,197.0,39.70772192,82.68593454,5.554831977,74.91506217,grapes,False
3.0,63.0,16.0,24.38041875,61.18458224,6.868881707999999,53.13946695,lentil,False
22.0,30.0,12.0,15.78144173,92.51077745,6.354006743999999,119.035002,orange,False
32.0,57.0,18.0,15.53834801,23.75560241,5.695422862999999,107.3850593,kidneybeans,False
17.0,30.0,27.0,29.03065024,90.79093862,5.894027065,205.5720367,coconut,False
84.0,36.0,28.0,26.7350622,55.55164819,6.119892347,140.63052130000003,coffee,False
13.807309624834707,18.72173200184392,10.042398805410084,12.875321422117013,93.05904533942929,7.056336458496231,108.13359250640723,orange,True
99.0,92.0,47.0,28.127950899999995,77.48247073,6.3239336470000005,103.5045395,banana,False
32.54593191328854,67.02489123626468,80.09883007582928,20.303049576236273,15.681471994675027,7.926591781575475,80.65417755048351,chickpea,True
66.0,53.0,41.0,25.0756354,80.52389148,7.778915154,257.0038865,rice,False
29.0,16.0,36.0,19.81069447,88.92944254,5.7403380020000006,102.860084,pomegranate,False
82.0,24.0,26.0,24.31274458,53.57285558,6.089443602999999,184.4103931,coffee,False
19.566804691028423,15.8687859049614,30.023547854796863,28.044774338402537,92.51628684379075,6.100531715467227,170.09152202683526,coconut,True
22.15060375517772,43.30886165192384,20.350642932786734,28.46429391415056,89.99615558,6.764811540337612,47.0491066264779,mungbean,True
79.26439710668558,48.17083335459169,41.643271524864815,24.28362089516847,82.23427840308683,6.8522452514574175,279.7057244109064,rice,True
0.0,19.0,31.0,25.51791333,94.38420565,6.271952832999999,178.7297725,coconut,False
119.21166845398464,45.720468090356,20.943654841985495,23.68527022916903,77.44461759488827,6.479317343463826,77.41106923766448,cotton,True
52.0,58.0,16.0,30.64095781,61.14508627,7.167435834,71.36947525,blackgram,False
95.0,12.0,46.0,26.21667586,81.01009354,6.32281728,54.65423596,watermelon,False
103.0,16.0,49.0,24.06731461,81.64075303,6.915717008,51.75212401,watermelon,False
86.0,59.0,35.0,25.78720567,82.11124033,6.946636369,243.5120414,rice,False
112.0,17.0,28.0,27.62975458,61.26002598,6.777417989,196.6492664,coffee,False
21.0,74.0,15.0,29.49096726,67.10604388,6.471862118,153.2504506,pigeonpeas,False
69.0,47.0,40.0,25.37122686,76.2403666,6.130136384,183.8270791,jute,False
36.0,43.0,21.0,28.36319404,84.8593608,7.140437859,52.93031105,mungbean,False
29.0,45.0,16.0,28.43683487,87.91332682,6.583381939,43.12063289,mungbean,False
30.0,13.0,25.0,27.15116142,91.48889469,6.413184638,164.9182225,coconut,False
43.0,68.0,20.0,29.57812712,66.17587668,7.497469256,69.43895491,blackgram,False
55.03790326255665,63.03727292384289,48.7548296851564,33.48135806671944,91.10939121971258,6.824187251090854,209.11808593141154,papaya,True
81.0,34.0,30.0,25.17787724,62.26244581,6.6477659970000005,135.0119649,coffee,False
90.2419145730685,19.620437486305523,50.68819024555125,29.484719274605656,92.98087612346585,6.309848259210817,25.824614974809762,muskmelon,True
40.0,58.0,75.0,18.59190771,14.77959596,7.168096055,89.60982451,chickpea,False
25.60168810650334,71.5776691525948,20.487823014250804,36.97794384,53.842406852115396,5.929043600265211,135.01080189795903,pigeonpeas,True
100.0,48.0,16.0,25.71895816,67.22190688,5.54990242,74.51490791,maize,False
69.88583647279674,47.79815591588384,39.934326449405795,24.66710389416574,79.87301280643828,7.3503990092173925,181.08443883499314,jute,True
22.572697429742114,17.004196088299796,5.313354683729793,23.422484811905687,92.62945810169852,7.145456383901638,110.18172036932013,orange,True
0.0,23.0,15.0,22.56664172,93.37488907,7.598729065,109.8585753,orange,False
106.0,21.0,52.0,28.89578588,94.78993038,6.286515359,23.0362503,muskmelon,False
10.574457010754514,26.75019505669061,32.337256118098836,30.960955390512595,51.95780428322202,5.8901916465824256,95.49116809222866,mango,True
23.0,138.0,200.0,9.851242629,80.22631717,5.96537863,68.42802444,grapes,False
101.0,75.0,50.0,26.59386409,81.40740301,6.242528277999999,109.9825551,banana,False
96.21307226190407,50.50654221498385,20.50278952632997,23.332358705542752,62.3434736931115,6.153594773028504,80.83219514408533,maize,True
132.0,41.0,22.0,24.29144926,81.02453404,7.810865753,90.41694635,cotton,False
69.0,66.0,49.0,40.00439101,90.17015833,6.52711001,92.11877372,papaya,False
42.0,59.0,55.0,40.10207731,94.35110201,6.979102243,149.1199989,papaya,False
37.0,18.0,30.0,27.63551259,99.34854917,6.38488418,157.91715369999997,coconut,False
79.37608116166312,44.799237819285175,20.405507584762532,22.2096503457616,63.43519196655783,6.084971493252678,105.536392782507,maize,True
74.0,39.0,23.0,22.6265115,65.77472881,6.78073637,88.17251033,maize,False
4.0,6.0,7.0,23.01014302,91.11764246,6.708889665,112.6738296,orange,False
102.0,46.0,19.0,22.77076388,82.5993307,6.631005298,81.49543437,cotton,False
11.0,46.0,24.0,27.65280218,89.80650642,6.459252023,56.52558045,mungbean,False
6.0,123.0,203.0,12.7567962,81.62497448,6.130310493,66.77844567,grapes,False
31.0,8.0,7.0,34.51465139,93.63812684,7.163245982,103.5684926,orange,False
39.42332921142263,69.112444062714,81.17065025582663,18.943726024189694,16.972372166069334,7.666921978015952,79.82349621633703,chickpea,True
7.0,31.0,27.0,31.32863689,47.59319575,6.524114355,94.67344737,mango,False
68.0,57.0,43.0,26.08867875,80.37979919,5.706943251,182.9043504,rice,False
39.0,24.0,39.0,23.65374106,93.32657504,6.431265737,109.8076178,pomegranate,False
85.0,53.0,38.0,24.90075709,73.84186449,6.588017308,153.8990984,jute,False
36.0,128.0,204.0,25.23542319,80.68700527,5.695792761,67.03840888,grapes,False
1.0,76.0,17.0,28.43430726,52.10010827,6.012719118,147.0414824,pigeonpeas,False
20.568246354172427,14.830290442826808,38.87309956805763,22.53881112456737,91.37826673842721,6.1869425626354015,108.49927034861989,pomegranate,True
15.0,27.0,28.0,33.80398664,46.12866113,4.507523551,90.82549241,mango,False
112.0,87.0,48.0,27.19711623,77.39706290000002,6.200111067999999,99.46950465,banana,False
40.0,11.0,44.0,24.45840036,86.10874614,6.322396027000001,111.3779693,pomegranate,False
13.0,61.0,22.0,19.44084326,63.27771461,7.728832424,46.83130119,lentil,False
21.263309487299615,24.392222109519306,41.947779982000526,20.45682621613925,89.75240319879327,6.200471981369504,107.14117265101508,pomegranate,True
23.0,37.0,24.0,28.77833449,44.2252605,7.991902443,33.95825723,mothbeans,False
22.0,68.0,16.0,27.70496805,63.20915034,7.74672376,37.46160727,lentil,False
22.3997037134555,51.46504648531848,18.84351458603808,28.26135778759583,85.75863731689626,6.783461208903273,45.47092967815276,mungbean,True
40.0,16.0,35.0,31.89356292,49.02450149,6.4841522000000005,89.59371481,mango,False
83.0,23.0,55.0,26.89750174,83.89241484,6.463271076,43.97193745,watermelon,False
56.0,57.0,48.0,31.56213762,93.0484859,6.506120752,63.62250788,papaya,False
60.0,44.0,23.0,24.7947077,70.04556743,5.722579819,76.72860067,maize,False
23.0,142.0,197.0,39.06555518,82.03812973,6.000573725,69.30772897,grapes,False
81.78144592697711,48.041492252747226,40.121347927024836,25.020251557110164,81.8478761498906,6.318500681170707,209.82025162800875,rice,True
5.0,65.0,19.0,18.28072173,68.10365387,6.978361689,48.80253285,lentil,False
106.25727228937299,83.41937537832544,49.56586886178352,27.70101122095648,79.92513441051754,6.110496016791033,96.02106624574046,banana,True
3.0,56.0,17.0,28.19912143,53.50567601,8.709291687999999,52.13580529,mothbeans,False
112.33366420262115,13.630484467167852,53.56926331125172,24.975749410307643,83.9594014025863,6.185815745400392,51.84851370205263,watermelon,True
36.0,55.0,20.0,27.01470397,84.34262707,6.635968697999999,55.296354,mungbean,False
63.0,47.0,35.0,26.98582182,89.05587886,7.432768147000001,193.8778713,jute,False
37.157915475180054,59.299086086002646,50.07991124884034,34.29670215751767,93.89928778117971,6.832843688220914,167.90545689746537,papaya,True
7.0,15.0,32.0,25.03512351,95.89739958,6.182232762000001,174.796583,coconut,False
81.0,49.0,20.0,18.04185513,60.61494304,5.513697923,104.2321615,maize,False
21.740433990768476,136.76604802294304,199.3763500790826,22.819911132212116,91.85065650785322,5.880844608983276,111.29903993292322,apple,True
104.0,26.0,30.0,24.40726724,62.65692638,6.410992833,148.6977358,coffee,False
38.0,14.0,30.0,26.92449525,91.20106019,5.5707453860000005,194.9022136,coconut,False
17.0,74.0,17.0,26.03026959,69.55863145,7.393210848,37.11395801,lentil,False
36.0,67.0,25.0,35.95176642,36.52780776,6.418062652000001,136.0456753,pigeonpeas,False
71.0,52.0,18.0,25.10787449,55.97732754,5.790770202999999,78.16077693,maize,False
60.0,59.0,22.0,31.86847286,66.74217464,7.191522601,74.22238583,blackgram,False
44.0,64.0,54.0,29.80744318,91.38048469,6.74274935,232.7046126,papaya,False
16.572143733837404,73.8140835076479,18.988180046100123,19.227211340082626,23.271332197998657,5.7647646720990915,98.71271260049299,kidneybeans,True
4.0,46.0,15.0,31.01274943,62.40392519,3.504752314,63.77192383,mothbeans,False
49.0,76.0,18.0,27.05365239,67.7017527,7.393631868,60.4693835,blackgram,False
39.08053715191263,74.84678681354372,79.64319538889326,19.114881697127764,16.661619368439197,7.367284595698265,80.08287656807917,chickpea,True
28.0,35.0,22.0,29.53037621,86.73346018,7.156563094,59.87232071,mungbean,False
24.97512554170702,49.322957096298694,19.87514131467633,30.31115536302644,49.98858712157178,6.835184848497363,51.30083259325902,mothbeans,True
31.0,53.0,16.0,28.7420098,85.81675947,6.452006451,48.54598575,mungbean,False
19.679652069572054,67.6336038352029,21.7996789603294,29.910969683162005,55.3517712885843,4.992322786424423,153.636896323402,pigeonpeas,True
96.0,41.0,40.0,23.58419277,72.00460848,6.090060478,190.4242157,jute,False
67.0,43.0,38.0,25.21622704,70.88259632,7.299304715,195.8645552,jute,False
23.0,62.0,19.0,16.51783455,20.4555596,5.609435127999999,98.77794225,kidneybeans,False
67.0,51.0,24.0,23.50297882,61.32026065,5.584171461,64.77791424,maize,False
117.0,27.0,48.0,26.53259325,82.39053979,6.835268183999999,54.30660782,watermelon,False
28.0,58.0,25.0,27.4818649,62.04814951,6.861640036,37.81123974,lentil,False
14.0,128.0,205.0,22.60800988,94.58900601,6.226289556,116.0396587,apple,False
11.0,41.0,19.0,26.85911286,41.81420849,5.131779302,44.13827124,mothbeans,False
81.0,30.0,48.0,28.52379742,92.09688432,6.041027474,29.86681385,muskmelon,False
11.0,45.0,19.0,28.70012137,44.359648,3.828031463,44.11622138,mothbeans,False
17.193310028980225,47.17733759887954,20.688888958528942,29.28087844884879,43.97949198441881,6.056736696326388,52.2923288114234,mothbeans,True
73.0,57.0,41.0,21.44653958,84.94375962,5.824709117,272.2017204,rice,False
22.0,60.0,18.0,19.59221047,61.28633405,6.74398035,41.7704893,lentil,False
19.167896874323244,140.30416050915727,198.4523434336591,23.031520871202147,91.10610719135367,5.884632351199549,113.23279559686775,apple,True
9.0,56.0,17.0,26.13708256,66.7729209,6.261937875,46.48280681,lentil,False
31.0,58.0,15.0,28.31886863,60.19461399,6.167855382000001,45.36521251,lentil,False
94.0,50.0,19.0,23.30355338,73.62548442,5.873242491,97.59081274,maize,False
123.0,50.0,16.0,23.04920461,75.53835214,6.498052108,70.65644296,cotton,False
48.0,65.0,78.0,17.43732714,14.33847406,7.861128148,73.0926704,chickpea,False
18.0,79.0,20.0,20.27514686,23.2353604,5.877347515,139.7521543,kidneybeans,False
22.0,133.0,201.0,23.81995682,80.12211649,6.00299607,67.27398640000001,grapes,False
2.0,131.0,199.0,22.47420512,91.22759742,6.017370134,124.2179699,apple,False
105.0,88.0,54.0,25.78749808,84.51194224,6.020445317,114.2005455,banana,False
5.7914479738052425,64.62583644514658,20.198378942012283,24.698015709944137,65.07538532433446,7.463724636066113,42.10608096021942,lentil,True
20.0,122.0,204.0,11.7976469,80.86325389,6.487369687,65.06962486,grapes,False
88.0,5.0,47.0,25.86475496,86.67468041,6.662244646,41.16554802,watermelon,False
99.0,40.0,32.0,24.18471151,69.94807345,7.0455430560000005,163.27087319999995,coffee,False
92.61585293617235,33.97409172258756,29.706184299598764,25.75838925588491,65.65945558191426,7.106586477108889,154.12767992686975,coffee,True
38.0,135.0,203.0,23.76121837,93.661643,5.9655513110000005,100.825956,apple,False
14.0,55.0,15.0,27.33580911,55.27755933,8.050304395,73.44775287,mothbeans,False
86.0,76.0,54.0,29.3159075,80.11585705,5.926824754,90.10978128,banana,False
19.02280560960601,32.47297348247908,32.51594798411828,32.16064052958226,48.5161097848254,5.938981693201658,96.12484750668936,mango,True
99.0,29.0,55.0,29.19378695,91.46241065,6.660954816,26.48240255,muskmelon,False
78.0,43.0,42.0,21.32376327,83.00320459,7.283736617000001,192.3197536,rice,False
79.0,43.0,39.0,21.66628296,80.70960551,7.062779015,210.8142087,rice,False
20.355478632987296,23.631327751259654,31.81972836498651,32.04579710033365,51.15830705632822,6.185258601715785,93.61480959124715,mango,True
83.0,10.0,53.0,24.92994759,85.00802358,6.195142279,48.75859458,watermelon,False
34.0,6.0,27.0,25.84726298,90.92669463,5.8607404810000014,147.8888994,coconut,False
24.0,37.0,21.0,30.573999,58.22686794,5.818219385,62.74803826,mothbeans,False
15.0,140.0,195.0,13.28504331,83.54193816,5.69945282,65.80006004,grapes,False
12.0,20.0,10.0,24.45132792,93.10527686,6.528354932,109.4711098,orange,False
20.135946334955033,67.34834464472094,21.145907849431023,20.017901067409138,20.369758250896318,5.739143361635999,106.80176114780546,kidneybeans,True
49.615996454898934,62.11349421627746,51.4375296793249,35.69862833965255,91.87955790549884,6.743251088864066,132.28115933305003,papaya,True
25.943129524177984,47.58637637497572,19.286586826824156,28.957567512227516,85.4718061945822,6.606709308786062,42.29614620443019,mungbean,True
44.78689308148089,56.033584582024766,49.90016494220994,35.64862338616134,93.29482993699474,6.764147263056159,128.2777198825276,papaya,True
28.0,75.0,21.0,24.7741949,50.54621094,6.007508163,114.2821387,pigeonpeas,False
14.0,75.0,24.0,24.54757829,57.3414485,6.436160044,118.3606557,pigeonpeas,False
21.0,51.0,15.0,29.36488409,89.1886954,6.679127482,48.30159325,mungbean,False
13.0,67.0,18.0,30.5753044,34.75591197,5.384762927000001,177.5764304,pigeonpeas,False
38.68588363484782,63.12242455296194,16.74773076890558,30.894423161861596,64.62738594185494,6.9435349287894335,67.68293591744471,blackgram,True
103.18047702957277,29.608043140249592,32.50136201731601,24.738374897236724,58.70947588227611,7.026549125975071,174.31252426514638,coffee,True
88.0,78.0,45.0,29.10403455,79.19588629,6.324270089,92.07835761,banana,False
43.6602890857597,63.28586651716736,50.66505172031796,34.31091583151388,91.69119138532696,6.628270861519878,105.94896275313444,papaya,True
21.0,29.0,12.0,22.30318989,92.15987039,6.438668989,117.3688104,orange,False
11.0,71.0,17.0,19.9191786,21.47324158,5.74644777,82.68554379,kidneybeans,False
28.0,27.0,34.0,32.45465292,50.69693751,6.526654345,95.04871605,mango,False
38.91711576870478,73.43374813132596,17.48057705198934,30.762133670484967,65.56531867357684,6.972077129253929,68.25528032532266,blackgram,True
34.0,62.0,55.0,27.58548913,90.72526502,6.585346229,238.5008779,papaya,False
111.53202506262947,81.67510815211635,49.53063159556102,26.83864434714249,78.91012601235883,5.8154851396084855,100.45045535509954,banana,True
38.0,56.0,25.0,25.74095321,45.38497051,7.88118645,67.43488235,mothbeans,False
21.34520867422912,130.79226646055784,200.8246176557964,26.823977152320786,81.61967641388459,6.143810208587608,71.05757880688569,grapes,True
100.0,40.0,35.0,27.56441788,54.41094079,6.9557873510000015,177.816092,coffee,False
13.307979176425969,18.194580858147315,9.520562197616444,29.225494083743435,91.52406401564382,6.805083631335649,107.70268306078478,orange,True
90.23136948612216,29.918775845141333,28.7059010919081,25.97428950223353,59.0057607381753,6.949205456487155,173.1686659914995,coffee,True
20.0,40.0,15.0,29.57329479,88.07505524,7.199495367999999,45.04467075,mungbean,False
31.0,62.0,52.0,33.7960155,93.00754254,6.99104104,182.026807,papaya,False
54.0,61.0,77.0,18.81198127,15.21618225,6.206582192999999,77.54294240000002,chickpea,False
113.10906044130829,41.55664782523968,19.71028538081297,23.291697420291467,76.51737438965473,6.793614741620107,70.27337262210364,cotton,True
25.0,35.0,20.0,28.90245417,43.35365671,8.923095695,71.90018566,mothbeans,False
37.0,23.0,28.0,25.61294367,94.3138837,5.7400545670000005,224.3206759,coconut,False
4.0,13.0,6.0,15.63211033,94.25966183,7.5611432239999985,101.4705704,orange,False
129.0,43.0,16.0,25.5503704,77.85055621,6.73210948,78.58488484,cotton,False
25.825269617971642,14.83412556532974,41.41663164040729,22.822288172808747,90.570506342717,6.707224287461344,107.80071145927745,pomegranate,True
12.330723679876252,132.59603651715474,199.9111126807204,21.56865845795096,83.05876939585075,6.107807989231381,70.68346257069508,grapes,True
39.0,52.0,53.0,32.51247398,94.65904123,6.704204398,51.07048113,papaya,False
39.0,7.0,29.0,27.54273211,94.59086121,6.362544111,150.2012138,coconut,False
39.0,30.0,38.0,20.12644921,87.59629625,6.965156737999999,108.065579,pomegranate,False
105.0,30.0,50.0,25.29954705,81.77527562,6.37620108,57.04147057,watermelon,False
27.0,71.0,23.0,23.45379018,46.48714759,7.10959773,150.87122019999995,pigeonpeas,False
92.0,7.0,45.0,26.70607759,81.14149505,6.944640222,51.51033554,watermelon,False
140.0,40.0,17.0,22.72767171,77.07598065,6.006085786,77.55176318,cotton,False
109.0,79.0,45.0,27.66752761,79.68542782,6.490074429,108.66464,banana,False
13.0,121.0,196.0,22.20700989,93.50574163,6.443382913,120.1593771,apple,False
23.289392951509477,45.83346384734859,18.72466508430741,29.418518018546415,86.9302231987223,6.841730029395842,50.454387701929264,mungbean,True
21.0,26.0,27.0,27.00315545,47.67525434,5.6995869720000005,95.85118326,mango,False
22.081934252738318,23.703658473187033,38.37077234704861,21.70068052053458,90.40232704223554,6.641645745443427,107.03102153761039,pomegranate,True
19.575798235405248,44.723724590400934,17.897066793576577,28.632316325055722,86.77626782949136,6.763120380880239,56.37072312679977,mungbean,True
25.701815689380705,16.885544989261533,28.526357410785366,27.190809145937546,95.33501541904471,6.064716490476016,173.60902470067654,coconut,True
8.0,28.0,37.0,23.88404783,86.20613842,6.082571701,108.3121789,pomegranate,False
50.0,64.0,25.0,28.84079155,63.37230676,6.734447425,70.25496749,blackgram,False
31.0,40.0,22.0,29.40889385,86.16063492,6.365513634,53.35486977,mungbean,False
89.0,25.0,50.0,27.04863538,91.34685096,6.375923383,25.08146686,muskmelon,False
27.0,72.0,17.0,28.98039357,57.23265151,6.347929353,120.7435664,pigeonpeas,False
37.0,10.0,32.0,28.96318258,95.16333673,6.165084855,222.803013,coconut,False
40.0,61.0,22.0,20.94981756,65.8108757,7.002216044,44.23913012,lentil,False
6.0,140.0,205.0,17.66558428,82.92903419,6.313085601,69.8671263,grapes,False
76.89896981591467,49.703529150263414,37.45037814966445,24.65200914374839,81.52363540022087,6.595729434565381,162.66370841937425,jute,True
76.0,44.0,17.0,20.41683147,62.55424820000001,5.855442401,65.27798457,maize,False
32.102840626674066,69.29793979694742,19.86369723506207,27.573472244970027,64.94676976266402,7.319417568890049,70.10014558835982,blackgram,True
118.0,13.0,54.0,24.41311871,89.81574032,6.039584629,44.07843475,watermelon,False
1.0,67.0,21.0,27.52135365,60.53657684,6.551577598,48.06491307,lentil,False
103.21073272172265,15.2331188013929,51.24223155589968,28.499233284765193,92.1295696766405,6.4295359608745075,22.430533061673728,muskmelon,True
10.0,55.0,23.0,21.18853178,19.63438599,5.728233081,137.1948633,kidneybeans,False
25.0,22.0,25.0,33.56150184,45.53556603,5.977413802999999,95.70525913,mango,False
88.67113484995008,43.898964642207766,21.743860435933115,21.509722713979066,70.57703601419686,6.367203222189095,76.8688111001801,maize,True
6.0,9.0,12.0,31.08368929,90.14362642,7.028746406000002,109.6894658,orange,False
92.20566823584042,27.318692838084125,32.70929541958426,25.878553438840232,60.51431654883861,6.814206719201448,162.30525863223494,coffee,True
33.31833998767605,66.93031932364597,77.32223117789268,18.33888716798255,17.05456584682485,7.865305033288524,91.21765439827324,chickpea,True
33.0,73.0,23.0,29.23540524,59.38967583,5.985792703,103.3301803,pigeonpeas,False
57.37850755857978,56.0499135692215,50.525011119062974,33.93670745666556,91.29777235997976,6.644262435945649,143.01135320189877,papaya,True
45.26183631440334,65.138272436774,81.50038769962111,18.661204063873544,16.441218519845975,7.700909072612117,80.18245465493966,chickpea,True
114.0,40.0,17.0,24.32630461,80.13456404,6.363406102000001,69.45072055,cotton,False
35.0,71.0,17.0,29.89286629,66.35375127,6.931924962999999,198.1403003,pigeonpeas,False
90.0,50.0,44.0,26.91643698,73.48655995,6.253408852000001,171.4716375,jute,False
1.0,30.0,10.0,11.89925671,91.34663797,7.291405641,103.5771468,orange,False
13.0,69.0,19.0,17.30844532,20.01730914,5.86390397,115.199245,kidneybeans,False
13.919876480917157,132.88306367238468,198.85540522733342,24.26830527074137,81.40788872834163,5.861941643143216,69.95762503233557,grapes,True
5.0,35.0,20.0,28.92952635,53.57014709,9.679240873,66.35634104,mothbeans,False
29.0,142.0,203.0,29.67229086,83.71498986,5.891195653,66.48490371,grapes,False
107.0,12.0,46.0,29.57240298,93.61870344,6.559763394,27.56918621,muskmelon,False
14.056440197312746,49.12842376942824,19.485259949998564,29.748995319801008,54.29256018863847,7.981788590047197,46.003154163005824,mothbeans,True
69.69733672181572,45.43202186489274,41.56018303377189,22.332994187295238,80.74270231591366,6.437891244248141,259.68377869953434,rice,True
8.0,58.0,17.0,28.75273118,69.15640149,7.286049977999999,35.15426171,lentil,False
104.0,47.0,18.0,23.9656349,76.97696717,7.633437412,90.75616738,cotton,False
31.0,13.0,33.0,29.69952329,95.21224392,6.342463714,148.30036919999995,coconut,False
61.0,52.0,41.0,24.97669518,83.891805,6.880431223,204.8001847,rice,False
114.0,30.0,51.0,29.24908541,90.06998135,6.069171847000001,25.93496537,muskmelon,False
75.46550879560597,45.40947999562407,40.886535448124945,24.467974931720427,78.50929514584585,6.752772399576512,182.30136210954387,jute,True
38.96299080081244,70.39048787895325,20.236419946956666,31.65463002171117,64.38900976242162,7.052849747792129,66.88182286742646,blackgram,True
25.212322858934826,65.59007165380633,15.344307635077783,21.575025693242292,66.89135000419206,6.817733805516717,43.56604876126803,lentil,True
74.0,54.0,38.0,25.65553461,83.47021081,7.120272972,217.3788583,rice,False
6.0,13.0,29.0,27.31155708,99.96906006,5.832608027999999,201.8258633,coconut,False
20.0,68.0,23.0,25.54960633,63.95425534,7.707332484,63.1830529,blackgram,False
111.0,29.0,31.0,26.05968403,52.31098539,6.136286518,161.3432535,coffee,False
24.5436402618041,30.187894993106937,30.482456748204125,31.112684128358367,49.31815561410563,5.098627302762076,95.27147519596973,mango,True
118.0,18.0,32.0,27.6496114,51.11044023,6.351823783,122.8392822,coffee,False
22.0,43.0,24.0,25.42517036,53.22082660000001,4.52363558,46.19374559,mothbeans,False
38.0,120.0,197.0,17.5438296,82.94703302,6.323722572,73.77063744,grapes,False
26.0,122.0,202.0,22.44516988,94.73763514,5.617227184,107.1843273,apple,False
27.0,59.0,22.0,21.81167649,23.20591245,5.794158503999999,130.0608093,kidneybeans,False
100.0,40.0,20.0,22.45145981,76.25674874,7.432043735,86.84998693,cotton,False
106.13822781161973,77.61905399178505,50.06072122639129,29.232003656438955,80.67104555224284,6.177842813543844,105.05704056181877,banana,True
36.0,133.0,198.0,25.51939719,83.98351748,6.2286454,69.17281221,grapes,False
56.0,65.0,45.0,38.2016825,93.97379963,6.751298936,218.09088140000003,papaya,False
35.0,131.0,203.0,22.42776057,93.91722423,5.893490899,102.7230739,apple,False
40.0,140.0,195.0,14.97846952,80.49979873,6.2943956760000015,71.63437433,grapes,False
14.0,67.0,15.0,19.56376468,24.67385131,5.690065688,139.2921004,kidneybeans,False
8.0,37.0,33.0,28.07802689,54.9640534,6.128167757000001,97.45373619,mango,False
74.0,46.0,45.0,25.75734909,88.36668522,6.025028997000001,189.4263485,jute,False
19.0,21.0,34.0,30.01592643,53.19212381,5.074272692,97.72843182,mango,False
9.0,25.0,41.0,24.81530144,91.90842992,5.972714857000001,109.2853418,pomegranate,False
114.0,27.0,28.0,24.99451759,57.93250202,7.162802357,192.8736822,coffee,False
99.58956934379779,31.795685829410125,30.324675347472876,25.461619915948763,62.85131129419941,6.740949234508493,135.18818574447064,coffee,True
20.334205492493275,69.95638674902156,22.49201032978799,23.105404239707745,66.06563280940995,6.984986699206504,41.25547927027256,lentil,True
104.0,73.0,46.0,29.1400919,80.1190228,6.28236237,90.45142867,banana,False
109.0,91.0,53.0,29.66727337,83.51014178,6.010095852999999,110.2511102,banana,False
87.90872049161698,21.75133475234054,49.94948820317151,28.454287607396157,91.92112299745179,6.400301273390784,23.4503123640801,muskmelon,True
17.577005481572673,69.310992744148,17.448987091026297,23.7666917852317,65.11379284357959,7.363500238960057,46.305665608943855,lentil,True
98.0,79.0,50.0,25.34119774,84.47321314,6.435917308,91.06493353,banana,False
24.619749647922315,125.87614326105596,199.8091062446625,22.282096567567972,91.44453237871126,5.811581478754536,111.46814231600287,apple,True
23.0,75.0,17.0,24.87425505,64.00213929,7.198076286,48.28137482,lentil,False
0.0,26.0,31.0,25.0707247,95.02156793,5.547933273,192.9036306,coconut,False
18.568766890565993,32.2463407962941,30.904505161243254,29.629082887886025,50.37917667778024,6.346223623733045,94.40198813317323,mango,True
1.0,15.0,9.0,29.98364695,94.55239717,7.53350946,115.3560318,orange,False
26.0,72.0,22.0,28.76794904,37.57792132,4.674941549,91.72084869,pigeonpeas,False
108.0,24.0,31.0,24.12832546,56.18107663,6.431899747999999,147.27578180000003,coffee,False
31.0,144.0,202.0,11.02105378,80.55557235,5.870600622,68.23963161,grapes,False
27.944800857111005,73.908750567517,21.808286868152077,18.891287036802247,21.82354643153154,5.781323779457955,82.29397541947982,kidneybeans,True
27.0,60.0,17.0,26.41768321,63.64698302,7.026795358999999,64.42177127,blackgram,False
25.0,60.0,22.0,21.63149148,21.17919701,5.887263027,134.3649948,kidneybeans,False
22.0,78.0,76.0,17.84851658,19.09172907,8.621662982,76.32470713,chickpea,False
28.0,70.0,21.0,25.39038396,60.4989659,7.437373666,39.18374505,lentil,False
22.0,37.0,20.0,27.62749466,86.49366929,6.605733067999999,39.26137642,mungbean,False
4.0,23.0,5.0,22.67594476,93.36348717,7.477935216,110.3332655,orange,False
90.0,49.0,21.0,24.84016732,68.3584573,6.4725232870000005,74.05474936,maize,False
11.0,122.0,195.0,12.14190714,83.56812483,5.647202395,69.63122027,grapes,False
21.0,78.0,19.0,27.16159076,66.76017239,6.92009048,69.85112265,blackgram,False
40.0,21.0,8.0,34.90665289,92.87820148,7.418761774,102.1906333,orange,False
78.19571999945305,47.57077844303035,38.026408361945606,23.662757749226017,80.05317245233947,6.805083969030173,183.90966510716083,jute,True
101.99392984332077,37.42386532862731,28.15403079844038,25.46334498982108,64.11955691685054,7.038791926386096,149.12168071821262,coffee,True
5.0,68.0,20.0,18.72987676,61.33186249,5.001038726,139.8710041,pigeonpeas,False
101.0,37.0,18.0,22.92360984,82.68738535,7.63737841,92.91915074,cotton,False
93.75862541032369,19.244612608083056,50.11110029864456,29.26613003522621,92.34787009107984,6.269826200537484,24.347521477692233,muskmelon,True
84.25621772721927,51.38293892048702,42.00023198068458,24.267948031460776,82.24678914156307,6.813319047457413,254.57883670400537,rice,True
117.0,79.0,49.0,25.40909896,82.36208097,6.176644228,112.9794804,banana,False
21.498620306582573,46.469727612299685,20.831682532770582,26.852915198524933,55.657888189022316,5.728997965820923,62.49285430870014,mothbeans,True
93.0,20.0,50.0,29.93061247,93.22980899,6.448792688999999,24.34814338,muskmelon,False
120.0,19.0,49.0,25.79448878,84.26830701,6.762471628999998,56.45229202,watermelon,False
117.0,82.0,45.0,25.29391516,79.29122198,5.614471478,105.4220251,banana,False
38.0,138.0,204.0,25.11108456,83.25447587,6.325480034,73.01026829,grapes,False
24.0,67.0,22.0,20.120043,22.89845607,5.618844277000001,104.6252153,kidneybeans,False
98.0,44.0,21.0,25.77175115,74.089114,6.524478032,107.4931917,maize,False
126.0,50.0,19.0,24.69457084,81.7358876,6.6287228360000015,78.58494391,cotton,False
30.59306023138467,141.2350305102737,199.59191995750413,22.47241714461503,93.3991783839639,5.780803157974102,109.47716280283804,apple,True
28.37559899835035,34.081281626856715,30.613878865757794,30.709055741014033,53.59192198469819,5.615947468133601,93.75112433706306,mango,True
51.66385945135981,67.92338591238145,82.78018350767408,18.818274608772636,16.9726235171632,7.4833523206762225,92.68594035744601,chickpea,True
20.0,69.0,15.0,23.44260668,22.77255917,5.934136378,107.4137246,kidneybeans,False
134.0,52.0,18.0,23.9643129,76.59175937,7.994679507000001,76.13090645,cotton,False
84.0,51.0,35.0,22.30157427,80.64416466,6.043304899,197.9791215,rice,False
16.236105845147097,75.71171596257753,20.778748941909072,21.04182894928364,19.86262739047363,5.689674329833144,122.08120593491974,kidneybeans,True
67.0,59.0,41.0,21.94766735,80.97384195,6.012632591,213.3560921,rice,False
26.0,37.0,30.0,35.39986338,49.45962621,6.166173833999999,97.41054011,mango,False
21.83888610119601,129.43137761531568,199.2290303468237,22.98839034031963,81.92866838583399,6.116130893612586,71.2070423984363,grapes,True
108.0,33.0,31.0,23.69287069,66.76090123,7.393825704,144.6576424,coffee,False
24.0,63.0,19.0,19.3479443,55.96805489,4.681576043,194.5921148,pigeonpeas,False
0.0,25.0,14.0,19.33516809,91.97978938,6.361671475,116.450422,orange,False
34.0,75.0,24.0,23.50222822,51.29019509,4.760038038999999,192.3023991,pigeonpeas,False
82.0,40.0,40.0,23.83067496,84.81360127,6.271478837999999,298.5601175,rice,False
84.0,50.0,44.0,25.48591986,81.40633547,5.9353444060000005,182.6549356,rice,False
105.0,60.0,23.0,23.53371386,77.21705554,6.207652157,87.54004943,cotton,False
22.0,36.0,16.0,30.58139475,50.77148138,8.18422855,64.58559639,mothbeans,False
120.0,24.0,47.0,26.98603693,89.4138489,6.260838965,58.54876687,watermelon,False
35.0,57.0,83.0,19.48316794,17.44534641,7.476800943,80.4986291,chickpea,False
37.337668292091536,65.6085687179051,20.53533082917918,30.297931862008138,62.63496405063664,7.229955387142058,66.67588620938444,blackgram,True
97.0,29.0,27.0,27.74576987,54.36976075,7.205078785,139.8619431,coffee,False
50.0,55.0,16.0,28.81460716,65.33538112,7.581442888,62.26242533,blackgram,False
25.480620689610163,64.16889706521701,19.98281847025607,26.89789759076305,50.02469597862666,4.914456439676071,164.15148234983565,pigeonpeas,True
3.0,69.0,23.0,28.67408774,63.18832976,7.299360767,42.96018627,lentil,False
7.0,56.0,23.0,26.33908791,40.00933429,5.545219232000001,55.50429227,mothbeans,False
58.0,75.0,25.0,25.25596239,61.36669662,7.261791753,68.64685069,blackgram,False
33.046431798123194,129.0119905982798,198.40541598510325,23.65918979048152,81.82214426898615,5.891343432806349,69.16172516527016,grapes,True
92.70703362737845,26.453950453342248,28.75716768247177,26.120143288451864,61.23190034437895,6.7598971362877975,153.0295468065306,coffee,True
119.36223162207533,45.13489554653731,16.624620187174028,23.804013239373415,79.34417714364378,6.866242246660453,77.2336406958845,cotton,True
117.0,26.0,30.0,27.92374437,67.96910852,7.079850922,115.2325531,coffee,False
44.0,77.0,21.0,32.63918668,61.3009051,7.326980454,61.83876146,blackgram,False
81.87427919880075,52.351788075691935,19.847819698512406,23.429877516443117,60.2938818921208,6.4232797563911275,86.14385865836776,maize,True
13.232817473796295,129.60771103510447,198.36330894853668,22.836618687267162,92.43725047464928,6.022509591447203,111.137394622463,apple,True
6.0,47.0,18.0,29.16174608,80.28038146,6.715276662999999,40.16545979,mungbean,False
9.0,57.0,24.0,29.89232778,89.71503316,7.165121108999998,42.99498978,mungbean,False
32.0,129.0,201.0,16.36251869,83.00471609,6.48754639,71.55665483,grapes,False
101.73138378886604,78.69029114260869,49.800485436224854,27.26786983811886,80.8959246501698,6.119194312877662,99.65284018656982,banana,True
85.84067490108643,44.17966097713007,38.94277203518556,25.323537915130775,73.23126684817022,6.317406383311771,172.67629689157093,jute,True
89.0,25.0,34.0,23.07895447,63.65861483,7.184801627000001,129.8765443,coffee,False
25.0,68.0,77.0,20.09340593,15.11279612,7.701446446,85.74904898,chickpea,False
37.0,57.0,20.0,31.1006247,44.82069159,7.354286985,70.79934452,mothbeans,False
31.0,29.0,35.0,27.1872282,92.19906776,6.137102505,141.3220576,coconut,False
14.950134871829349,22.46648927106009,30.523376052719442,28.304081505956077,95.39628901915576,6.089106778783458,162.41087786013557,coconut,True
41.8415544031546,52.178636642071744,48.355745382828395,31.182324185254185,91.25674611953504,6.687353821547559,77.75748050744077,papaya,True
16.0,51.0,21.0,31.01963639,49.97675220000001,3.532008668,32.81296548,mothbeans,False
106.73466201248618,84.89721851434963,53.12925029271618,27.898702616970713,78.15295817770773,5.974832747714178,99.11963095166486,banana,True
84.0,18.0,46.0,27.08808014,93.42402083,6.781050372999999,25.32159689,muskmelon,False
93.0,26.0,27.0,24.59245684,56.46829641,7.288211994,137.70440469999997,coffee,False
22.738202258744526,76.58355262701173,20.43416853357464,31.91947093815204,44.00327383897729,5.776703402816425,159.67615217586703,pigeonpeas,True
10.0,37.0,22.0,28.7275267,89.12760359,7.069747813999999,58.52974279,mungbean,False
58.0,51.0,47.0,42.13473976,91.70445386,6.757470637000001,197.402901,papaya,False
27.0,73.0,79.0,19.16288268,15.83500655,7.354973451,82.69766829,chickpea,False
22.0,49.0,22.0,28.23494706,61.5620517,3.71105919,72.66666443,mothbeans,False
32.0,141.0,203.0,21.25941052,92.84416234,5.821347769,109.06584709999998,apple,False
93.0,94.0,53.0,25.86632408,84.42379269,6.079178787999999,114.5357503,banana,False
120.0,20.0,34.0,23.56960509,50.56339727,6.906124587000001,130.3797119,coffee,False
105.02340329054886,11.460394206392603,51.4214964799376,25.583055347973403,83.59539018067196,6.20245378613609,50.38587288138939,watermelon,True
11.0,72.0,20.0,19.52226241,24.92607153,5.9511774520000005,113.334026,kidneybeans,False
90.0,59.0,35.0,24.25133493,89.86454053,7.098227926,175.1742112,jute,False
34.0,65.0,48.0,41.41968393,90.03863107,6.665024507999999,199.3096432,papaya,False
23.755879579446425,13.89886285223558,29.647701514544273,27.94651416912714,94.79250858037096,6.226751732492236,168.58038780156306,coconut,True
20.0,68.0,17.0,30.11873003,60.11680815,6.578714842999999,71.72980375,blackgram,False
82.9720607636582,49.184313770852775,21.480446183471223,22.329276100515393,61.26409090594517,6.444541542618094,81.88784900323186,maize,True
13.0,126.0,204.0,23.1094265,92.79630809,6.3831802710000005,108.183792,apple,False
9.0,38.0,25.0,34.58561471,50.34035336,5.497946899,100.3060719,mango,False
23.77544172960735,23.716391954685783,29.51707617509786,28.743014315396053,49.47530181718699,5.906745517774318,96.08157451286003,mango,True
29.0,35.0,28.0,28.347161100000005,53.53903102,6.9674177660000005,90.40260445,mango,False
71.0,35.0,24.0,22.27373646,59.52193158,5.826426917,67.96704792,maize,False
69.0,60.0,54.0,36.32268069,93.06134398,6.98992719,141.1736926,papaya,False
37.60924343335998,62.54810568139822,77.40242348334928,19.25494202766272,16.62358711427346,7.0981852281071465,80.09276309828384,chickpea,True
14.038383130179808,37.96478393588037,30.50102822160223,31.714103481447474,50.880229755891015,6.42680062570922,96.02743868364755,mango,True
21.0,72.0,17.0,31.52104732,66.55723677,7.580527339,61.71111448,blackgram,False
28.78769438906322,73.00024402097885,19.446283913208653,24.021858815290148,64.61089569468963,6.9903179261910315,50.18696511084752,lentil,True
18.882901445745027,70.89534509370586,18.05693173698854,26.194024535012147,59.27100518210762,5.53426571802268,145.52091486893568,pigeonpeas,True
94.20822131004553,20.33452424696688,50.35460081819678,28.06424485609545,92.2007609187442,6.185844752670376,24.61622403722691,muskmelon,True
22.257459061453492,63.850519305726955,19.94000831440857,26.321618648731434,65.5193031253543,6.966136217726164,45.41039937137342,lentil,True
31.0,70.0,77.0,20.88818675,14.32313811,6.492546046,90.46228334,chickpea,False
37.0,65.0,16.0,22.8352024,18.97267518,5.683548308,63.59276673,kidneybeans,False
26.0,10.0,33.0,28.27298134,96.93649473,6.07071786,198.8234862,coconut,False
33.0,14.0,8.0,21.03200078,92.9641969,7.684420446,110.6823944,orange,False
43.83734656789746,64.04180627644566,78.22122198080423,19.518994498696607,16.507483483522478,6.769421539567379,81.82187900703495,chickpea,True
103.0,27.0,31.0,27.15998538,51.59100753,6.691541233,126.1752206,coffee,False
8.0,6.0,33.0,28.27804288,93.64761266,6.095261012999999,171.9457959,coconut,False
3.0,67.0,24.0,17.00067625,19.90790546,5.520880013999999,103.2926407,kidneybeans,False
83.0,95.0,50.0,26.51682337,77.79913575,5.50947065,108.8547508,banana,False
89.0,58.0,35.0,23.98651719,82.09053379,6.096838784,167.0576456,jute,False
16.0,10.0,41.0,24.77464458,85.63608688,6.738993954,105.7595811,pomegranate,False
129.0,47.0,20.0,24.41212325,80.80343786,6.281913857999999,98.60457373,cotton,False
23.27190864152132,48.101063345987804,21.758595534935385,28.72342325849859,85.59706459635795,6.936086926369556,48.81348440941867,mungbean,True
110.83692622153106,44.09745032577122,17.94786238509476,24.480835854224193,80.96077648898654,6.37357276796437,78.13150781637752,cotton,True
10.0,71.0,18.0,19.54284889,66.34777265,6.151029296,173.11069819999997,pigeonpeas,False
36.0,59.0,46.0,34.28879307,93.61082872,6.721130542999999,127.2509777,papaya,False
58.0,66.0,79.0,20.99373558,19.33470387,8.718192847000001,93.55280105,chickpea,False
31.0,60.0,24.0,25.40474421,65.8567539,7.722335992,51.92057267,lentil,False
38.0,15.0,30.0,28.91862016,48.13974548,5.075504537,97.01331604,mango,False
59.0,60.0,84.0,19.03025305,18.66725565,7.690962337999999,94.70992037,chickpea,False
34.0,66.0,17.0,18.81097271,21.27833035,5.889614577000001,125.084915,kidneybeans,False
40.21577219506136,67.04946715678616,21.175484894731916,26.383245457278413,65.6724016826812,7.4247954577895285,65.5247291144962,blackgram,True
32.0,71.0,85.0,20.62767492,14.44008871,6.4039823160000005,92.06630306,chickpea,False
92.37368982838866,19.879073163991347,50.62050356696003,25.85150627876863,82.44081047275282,6.28702588939521,52.731763527162215,watermelon,True
69.0,57.0,35.0,24.30748599,78.54340987,6.1868143920000005,186.2337571,jute,False
27.0,56.0,20.0,29.2114218,87.11497805,6.41874299,51.53848218,mungbean,False
21.0,63.0,22.0,25.09737391,67.72837887,6.859409487000001,74.61649888,blackgram,False
38.0,55.0,19.0,33.18184225,38.23184742,5.864623352000001,198.8298806,pigeonpeas,False
72.0,51.0,40.0,23.20683504,74.09956958,7.422318499,199.4766779,jute,False
2.0,21.0,35.0,25.02887163,91.53720922,6.293662362999999,179.8248944,coconut,False
29.323901628341687,12.389643374856394,31.094371991606476,26.77534810030668,93.94178341954294,6.189035294771929,167.6914235383309,coconut,True
94.00998026686891,36.04796543729967,28.382457011381774,26.10338114432179,53.94400095273575,6.596286471096976,177.54790604377686,coffee,True
101.0,20.0,48.0,24.6774157,82.75411437,6.206247493999999,57.05709413,watermelon,False
120.40403619618095,44.586666136977755,17.855130845217513,23.674049090021864,81.47772535671638,7.1017473312666555,79.66782901163234,cotton,True
42.57984096632306,70.10005686360769,76.48203214175082,18.65967993182783,14.994202991867388,7.351400910578581,80.04057428407938,chickpea,True
94.0,53.0,40.0,20.27774362,82.89408619,5.718627177999999,241.9741949,rice,False
31.0,25.0,12.0,18.05142392,90.03969587,7.016482298,111.7793889,orange,False
39.0,140.0,203.0,21.11903604,80.63399198,6.349875906,69.27779761,grapes,False
121.0,45.0,22.0,22.45942937,81.30681027,6.443785385,64.23026638,cotton,False
40.0,62.0,19.0,27.32198928,34.13737127,4.697750704,96.51524028,pigeonpeas,False
118.0,88.0,52.0,28.65003945,82.68752542,5.8431631610000005,98.75084366,banana,False
97.52467132091283,14.604368044452649,49.725521035180584,25.82291916334971,83.96702552565793,6.602355276196911,57.04385204115598,watermelon,True
12.0,142.0,203.0,31.3115978,82.56407013,5.972850837999999,65.01095312,grapes,False
92.0,85.0,51.0,29.22118628,81.08183635,5.740764682000001,108.8616474,banana,False
83.0,57.0,19.0,25.73044432,70.74739256,6.877869005,98.73771338,maize,False
53.0,73.0,77.0,19.71359733,18.09665739,7.325451279,73.64476535,chickpea,False
42.0,79.0,85.0,17.22385224,15.82069268,6.129533877,76.57580954,chickpea,False
86.0,31.0,35.0,27.01207284,60.76645256,6.485761419,191.4508931,coffee,False
24.0,130.0,195.0,29.99677232,81.54156612,6.112305667,67.12534492,grapes,False
93.0,47.0,37.0,21.53346343,82.14004101,6.500343222000001,295.9248796,rice,False
100.72171342213392,16.051051918837395,48.4482328649837,28.117609059812366,92.30631499454084,6.304908423451926,23.739015427874396,muskmelon,True
26.28719486153524,12.23771737741395,42.011993815532975,21.493545109271274,91.15899789763573,6.103934302551163,107.53561805658364,pomegranate,True
110.0,15.0,48.0,28.57819995,92.86597437,6.2125672110000005,27.598717800000006,muskmelon,False
21.0,80.0,20.0,28.20667264,68.27085245,7.350869792,64.32887142,blackgram,False
20.0,139.0,202.0,23.50201428,92.21083961,5.66999105,107.9868949,apple,False
120.0,8.0,46.0,29.55657523,90.70937262,6.732834334,28.36535596,muskmelon,False
15.062786254714677,75.2424431738223,20.024320671626725,33.78789584992444,55.70066923115086,5.071505881787581,138.4739040890425,pigeonpeas,True
80.62602851664239,49.7234801208855,21.291463581863056,21.65459645305071,65.20450916584414,6.232496537476426,90.24080249580776,maize,True
32.0,145.0,203.0,23.83053666,90.84422164,6.406818518,109.5966791,apple,False
118.0,12.0,47.0,27.96872279,92.17444796,6.010739645,28.94766949,muskmelon,False
61.0,38.0,20.0,18.47891261,62.69503871,5.970458434,65.43835393,maize,False
50.22066097945208,76.5854522116104,18.59397865894784,27.371820119091335,64.68400784501985,7.080637845824939,67.48681287434532,blackgram,True
37.0,38.0,32.0,31.85744939,45.53106268,5.417340525,91.55845821,mango,False
32.0,56.0,21.0,27.38538997,88.66663953,6.702772465,58.29933073,mungbean,False
106.0,40.0,30.0,23.42611644,64.10651528,6.779984384,122.6847408,coffee,False
24.0,21.0,42.0,20.82210727,87.22815682,6.999014379,109.4429934,pomegranate,False
119.0,7.0,55.0,26.03867719,84.6378378,6.031424482,44.3993381,watermelon,False
39.0,65.0,53.0,35.33294932,92.11508608,6.560743092999999,235.6133585,papaya,False
36.0,65.0,80.0,18.2872007,16.67921616,6.051091339,74.87445574,chickpea,False
0.0,65.0,24.0,28.49584395,62.44616219,7.841496029,53.14531023,lentil,False
22.072757847491175,34.377829564983756,28.88429724429737,31.111269193903528,50.74383220229992,5.758131963563145,93.86883884845166,mango,True
19.0,7.0,10.0,14.78003032,91.22062116,6.118430299,100.1961762,orange,False
18.0,12.0,8.0,12.59093977,91.81668769,6.206053072,119.39167179999998,orange,False
111.65389749318187,45.70985344252189,17.631696232805005,24.467151890813756,78.44346176787462,7.793713500839003,77.86311058133451,cotton,True
18.0,19.0,27.0,27.75518664,52.34605806,4.772385986000001,94.11213345,mango,False
120.0,20.0,45.0,25.66576039,88.6984228,6.114128685,54.22722466,watermelon,False
21.921588019491246,18.728696501801195,38.19335293040792,22.64071920925456,90.05068096977763,6.714673204519473,106.50387048017703,pomegranate,True
81.0,6.0,55.0,24.88910524,85.87059083,6.110142735,51.70699144,watermelon,False
18.0,14.0,11.0,28.04799508,90.00621688,6.550814117000001,117.1311498,orange,False
36.0,80.0,21.0,33.64769646,48.41490082,7.066087261,100.4673278,pigeonpeas,False
17.285702550266738,69.44007600725774,20.033708925240724,19.540844525691156,45.40457926033546,6.242102980621784,121.71927160062977,pigeonpeas,True
24.58802833390262,28.197488923512875,30.05859085554867,30.893943380331205,48.48575646589365,5.430268147035741,94.23375146687705,mango,True
95.0,74.0,50.0,25.90113128,80.47152737,6.002481605,110.10323,banana,False
77.79410877141498,46.516679997744724,41.987202514412765,24.35854550584732,83.8338231496562,6.52106632815145,229.37365832557052,rice,True
26.990533335205562,16.77376978788823,41.616046468214286,23.339158072261167,87.80383697843415,6.579658261160934,108.91605000174862,pomegranate,True
108.0,36.0,19.0,22.78249615,77.51235009,7.238566893,64.61444234,cotton,False
25.217224093132852,69.74874050258425,16.375455164750175,22.474298697454945,67.00819439668987,7.038314259982815,43.533739968442326,lentil,True
101.0,87.0,54.0,29.07311132,76.50045221,6.376756632999999,100.1692639,banana,False
58.0,63.0,81.0,19.81344531,14.69765308,6.515499548999999,78.96514709,chickpea,False
78.0,58.0,44.0,26.80079604,80.88684822,5.108681786,284.4364567,rice,False
22.39106322132755,18.15486049783818,38.59784103757545,21.683313612020385,88.74763800335984,6.548646617185477,108.69639303275035,pomegranate,True
16.0,55.0,19.0,19.54314136,47.19188279,6.413543781,192.4372194,pigeonpeas,False
42.10117644387102,66.65539601042954,79.13259308017948,19.382051177623474,18.126682539199084,8.055715591514538,85.28162421051071,chickpea,True
72.86968568341453,52.77147849978449,19.31017705000649,22.15144090039657,64.06464430274374,5.849672701680627,75.96729935905748,maize,True
88.0,50.0,40.0,25.63215038,79.95150917,7.0518224720000005,182.2582277,jute,False
92.0,20.0,55.0,25.10474753,87.52676159999999,6.5877912620000005,59.26519444,watermelon,False
21.974850729153687,34.96778643422701,28.335039611113842,31.478411297813416,49.05453084317583,5.573921614903976,94.62173450598296,mango,True
49.0,61.0,45.0,32.76795887,94.57377401,6.764213299,240.4795923,papaya,False
100.0,14.0,49.0,29.48882958,91.07574233,6.365956657999999,26.01909355,muskmelon,False
101.0,17.0,55.0,24.37118217,87.1269128,6.451499763999999,44.63907691,watermelon,False
77.38510457449523,50.90557240857336,17.653356592093353,21.787851616007412,69.20566458358671,6.023314025926509,91.52822355324469,maize,True
11.0,53.0,24.0,28.52396666,55.77264351,7.39389918,61.32935611,mothbeans,False
20.0,45.0,22.0,29.5888162,89.9939693,6.904587016,54.96121262,mungbean,False
33.0,47.0,17.0,24.86803974,48.27531965,8.621514073,63.9187654,mothbeans,False
45.0,47.0,55.0,38.4191628,91.14220381,6.751452932,119.2653877,papaya,False
3.0,78.0,18.0,20.21368219,68.65257685,6.887130053,50.89732989,lentil,False
84.155594034532,49.89636078852949,42.44114519898783,24.84574521577204,73.9812594892868,6.690689930453053,180.91262206741476,jute,True
16.498030894317672,25.404109667282253,27.05133718253979,32.352262376263816,51.79875845752293,5.519620792958388,95.28576639226588,mango,True
7.0,45.0,22.0,25.50634557,44.8302551,9.926212291,74.32635105,mothbeans,False
33.0,12.0,8.0,25.26052689,90.31153735,6.822282114,117.36952959999998,orange,False
26.0,51.0,25.0,28.76488954,52.62741529,7.792508067999999,55.21606732,mothbeans,False
84.01281130637382,54.49587247621701,41.53396682223589,21.67037399977874,81.19847269620112,6.10032660395159,208.8680962165015,rice,True
14.119223732262226,17.706472154148965,8.318762026894571,25.300946089856968,92.92674179116682,7.095433178937867,105.17863015227513,orange,True
135.0,43.0,16.0,23.47986888,81.73049149,6.720449769,86.76287924,cotton,False
32.96988321120722,69.5422959133399,20.076093399775534,27.96608591337449,66.09671590272168,7.516298338925835,68.24390816427653,blackgram,True
39.0,21.0,9.0,13.20844373,94.02769434,6.354022554,106.2696156,orange,False
123.72693540922731,43.36234885139561,17.758159850616682,22.76468017535588,79.43706636876553,6.730296502750227,71.68766426824088,cotton,True
1.0,124.0,199.0,23.71059131,93.27392415,5.658473817000001,112.66765890000002,apple,False
83.0,45.0,21.0,18.83344471,58.75082029,5.716222912,79.75328959999999,maize,False
69.0,64.0,47.0,40.21199348,94.50766912,6.993473247000001,186.6762324,papaya,False
26.0,80.0,83.0,17.08498521,16.14565756,7.528599957000001,71.31007253,chickpea,False
12.650286139017378,16.082707880336702,39.82407454077052,19.24035387476541,89.83243813251039,6.295341221881884,108.66306758710412,pomegranate,True
12.0,63.0,17.0,18.358923,19.37703396,5.717143397,138.414764,kidneybeans,False
2.0,21.0,44.0,18.92157197,87.31290342,6.56893406,102.8013275,pomegranate,False
21.0,20.0,31.0,25.60033702,99.7240104,5.855457599,165.82487319999996,coconut,False
15.91655879024607,19.937809079561717,9.980988070398043,22.61041353507883,91.57276878666643,7.000018615106048,108.28789353459361,orange,True
20.0,79.0,77.0,18.54988627,16.02542689,7.64867466,76.32565249,chickpea,False
18.756710261717945,16.838150614299504,11.598336322115113,18.406744834025492,92.00129939822288,7.071336496351652,108.46208344730664,orange,True
17.953147329177096,71.70551044496361,21.097938486759613,20.84339285778399,21.32629087427818,5.791042338751788,97.51764159120184,kidneybeans,True
115.19414628373138,46.094106528285394,20.261219664864896,23.816091976917015,79.21856397976829,6.941636314499487,69.61036030735508,cotton,True
44.0,56.0,49.0,39.23342464,91.25589286,6.519779582999999,64.4478499,papaya,False
102.0,73.0,54.0,26.4020227,84.41007614,5.720726906,111.0162259,banana,False
121.36972960313804,41.97444136138955,19.6113014237585,24.07261351635551,79.12674917301989,7.049228592600783,76.01520238637656,cotton,True
89.74238886925016,21.736205519093307,52.51161216493554,28.50396068615714,92.56240810902145,6.488352661825217,24.042515639389677,muskmelon,True
97.0,35.0,26.0,24.91461008,53.74144743,6.334610249,166.2549307,coffee,False
16.511648032309687,54.56161407861521,19.316391915127145,28.852190261035243,82.05180908534142,6.906858892871815,53.630353966669496,mungbean,True
20.80068218548039,67.77761068957568,18.36567472023738,26.199878513678353,46.28945304807023,5.965825534867546,157.06668524043596,pigeonpeas,True
12.788730770503687,17.8859435311046,32.04053962330686,27.612856417915616,92.71012098193839,5.958756341423036,186.6213071192656,coconut,True
13.0,73.0,20.0,30.50420876,35.48885969,5.391560417999999,162.59277230000004,pigeonpeas,False
35.0,80.0,25.0,28.09269012,44.93322042,4.895927306,197.1144011,pigeonpeas,False
41.51088945795614,73.23075441528965,17.291468591433397,30.307839688551276,67.66671985828306,6.8262840230727555,65.20403546189742,blackgram,True
29.0,71.0,18.0,22.17499963,62.13873825,6.410441476,53.46622584,lentil,False
28.0,130.0,196.0,22.13450646,94.67695747,6.062356467000001,112.9203223,apple,False
11.0,78.0,22.0,23.89756791,22.74378977,5.940546818,112.6616435,kidneybeans,False
4.0,24.0,43.0,22.40423537,88.1508343,7.199504273,109.8695196,pomegranate,False
1.0,30.0,29.0,28.33333307,51.39586505,6.4341977560000005,91.67241761,mango,False
82.0,20.0,54.0,29.34033587,90.01506395,6.541150335,21.44532907,muskmelon,False
21.0,17.0,15.0,23.98289638,91.5473145,7.455991072000001,118.4901697,orange,False
104.0,25.0,51.0,28.96361426,93.88482153,6.469983276000002,23.56130173,muskmelon,False
107.0,22.0,54.0,27.99611732,90.84660317,6.630301421,21.61893763,muskmelon,False
19.0,38.0,26.0,31.48451729,48.77926304,4.525722333,93.17221967,mango,False
76.58141373692966,49.10623902976795,39.91162251915541,23.380645218311805,82.04010573357482,6.230176650888939,207.96235104053406,rice,True
5.0,16.0,31.0,35.96054636,48.69677802,4.555688532,98.00644238,mango,False
6.0,13.0,9.0,34.51423957,90.56151463,7.786725333,118.32719679999998,orange,False
27.0,30.0,31.0,28.98545306,90.73966792,5.718120393,148.8398374,coconut,False
90.0,15.0,52.0,27.04927452,91.3821731,6.448061578,23.65747461,muskmelon,False
105.70424411123003,22.966046830989498,29.980794158642354,25.37523519909884,59.866806781754946,6.787609684419767,139.39111584963092,coffee,True
42.58800292627483,68.23371859564811,80.6453274901082,18.78295343036816,18.1050907839276,7.154110990755506,84.55641111622823,chickpea,True
31.0,11.0,45.0,24.83954414,86.88738076,6.034612928,107.6435771,pomegranate,False
86.59024921805435,19.183094770011273,50.91530317033327,28.577094781550727,91.47893801463985,6.369100764238103,22.658646227125896,muskmelon,True
21.0,38.0,20.0,27.10508014,63.56791363,5.794289715,62.20279647,mothbeans,False
7.0,126.0,203.0,16.76201707,82.00335557,5.662140095,73.28712806,grapes,False
101.39250605556532,17.219533606042667,50.44486135062657,25.78386233468894,84.7255292935582,6.461656619837131,55.794770787984845,watermelon,True
109.64354767339681,25.63979818154267,33.55902130771453,26.288406127711113,61.70487584070539,6.796152756617335,155.27547250663508,coffee,True
1.0,6.0,35.0,27.02269204,95.71935435,6.231662767,147.16824590000004,coconut,False
15.273988780996238,73.2353884365861,19.024610795843053,20.76638865064249,22.760515839316803,5.77734856538965,107.15314867620901,kidneybeans,True
25.885363064552074,133.48944298957642,197.81621311834274,29.316259694559246,81.81978877404504,5.86026050739044,71.36633098711262,grapes,True
21.0,9.0,40.0,24.51147697,90.64498715,5.956401828,105.6209954,pomegranate,False
116.0,25.0,50.0,29.26092798,92.92367701,6.088885814,28.70627683,muskmelon,False
6.0,59.0,21.0,26.58972517,66.14007674,6.139215944,50.90994463,lentil,False
28.991943800344075,13.49536147635265,37.75515227588606,20.923799215860555,90.53143150621243,6.581725030694824,108.16172319835248,pomegranate,True
58.0,55.0,47.0,26.05375792,93.69111672,6.7424900270000006,240.6863901,papaya,False
111.0,6.0,53.0,26.493064500000006,88.59143088,6.313512998999999,46.06382209,watermelon,False
12.807303857082772,41.63614836141949,18.68063981968849,28.081326902708092,86.57672047325785,6.7742951239805675,52.315164847797675,mungbean,True
35.0,68.0,45.0,42.93605359,90.09448142,6.612429546,234.8466111,papaya,False
20.914731527645888,67.66490188329428,19.90606497467181,26.62776006165493,48.461084329452056,5.808458704250969,132.1656784705772,pigeonpeas,True
17.0,73.0,18.0,19.50112224,34.51086611,5.632353113,197.3752649,pigeonpeas,False
17.0,18.0,43.0,24.4880844,90.83687246,5.843005428,103.1969341,pomegranate,False
49.0,55.0,78.0,18.65580107,16.17772668,7.863113671,81.70769297,chickpea,False
89.0,52.0,42.0,23.09433785,81.45139295,6.14132902,196.6587013,jute,False
67.0,60.0,25.0,24.92162194,66.78627406,5.750254943,109.2162279,maize,False
58.0,61.0,15.0,30.94908189,64.23364112,7.402891666,62.78730907,blackgram,False
85.0,33.0,25.0,26.20811417,52.50987966,6.910823945,189.0944824,coffee,False
86.0,36.0,24.0,26.54986394,72.89187265,5.787268394,73.33636055,maize,False
53.0,65.0,76.0,20.19137759,16.41998269,8.719960893,77.33795356,chickpea,False
24.0,55.0,78.0,17.30287885,15.15405941,6.64919573,75.57790384,chickpea,False
93.0,85.0,49.0,27.96799119,79.28625709,5.694243847,119.4765557,banana,False
13.950944171974049,39.56879224380076,19.85798439972244,27.84538962006013,50.882639949919735,7.0372924714773575,53.915439265038,mothbeans,True
29.0,11.0,5.0,23.13338811,91.94670335,7.639788459,104.4224145,orange,False
52.0,70.0,16.0,33.66855394,66.60416867,7.534811832999999,67.32520551,blackgram,False
44.0,55.0,25.0,29.6321052,65.91359954,7.42160832,71.16331975,blackgram,False
18.43307084151478,28.43792497874164,28.948293612800814,30.03652780716447,51.606481773409406,5.743901385228181,98.07999859486982,mango,True
24.0,61.0,17.0,22.6371424,65.44544859,6.233269045,38.30411077,lentil,False
14.512942521054349,67.7190596056953,21.725040073656913,28.93977090255136,48.87416680358657,6.248813853278913,137.40580570716344,pigeonpeas,True
105.0,93.0,46.0,25.01018457,78.76260938,5.760457558,108.3690513,banana,False
82.7053312223292,48.18196462080274,41.044448987073196,23.706344833276635,84.52795147881207,6.483640510792608,239.5294033277039,rice,True
30.64625805437054,22.053132564965736,26.29137282399875,27.189949401462755,94.62311838875328,5.724581931606104,177.07454301295107,coconut,True
89.0,52.0,45.0,24.89326318,77.01222585,7.207457207999999,196.469984,jute,False
23.0,5.0,44.0,21.20725375,94.26304717,7.16300467,107.5660804,pomegranate,False
13.0,132.0,203.0,23.60115364,82.48336987,6.423216506,73.23901752,grapes,False
17.872916773468027,49.53127136525087,20.46146865738973,28.890087044937424,86.51713951205171,6.808315225690022,48.05337201544112,mungbean,True
21.0,23.0,42.0,19.54128063,90.29751796,6.902751061,104.3739878,pomegranate,False
115.53406849623998,48.67011318451897,18.5432575667403,24.12028925013316,79.38684097342885,7.123440300505136,83.066317569268,cotton,True
20.0,77.0,23.0,34.87248659,38.83786012,5.180271502,148.25027859999997,pigeonpeas,False
2.0,24.0,38.0,24.55981624,91.63536236,5.922935513,111.9684622,pomegranate,False
57.0,64.0,55.0,26.68386496,92.9585411,6.583760498999999,62.50689682,papaya,False
77.0,58.0,19.0,22.8056033,56.50768935,5.791649933,101.5952794,maize,False
18.362440465325403,138.72240958015612,200.60192233444016,23.266287367700055,92.4670112603461,5.765013734322038,107.79577187279078,apple,True
76.0,54.0,45.0,24.29496635,77.62976013,6.176618831,184.9800516,jute,False
49.0,55.0,53.0,38.4418717,93.63739039,6.544029776,77.71566883,papaya,False
40.0,51.0,17.0,28.66086349,86.12194568,6.860602782000001,50.01534317,mungbean,False
68.0,69.0,52.0,25.65492304,92.74501561,6.813383387000001,52.95477913,papaya,False
37.0,11.0,36.0,24.24779615,85.56033312,6.710143266,106.9216033,pomegranate,False
46.0,76.0,77.0,18.2356751,19.68538502,6.967843048,83.74879344,chickpea,False
4.0,59.0,19.0,26.25070298,67.62779652,7.621494566,40.8106299,lentil,False
86.0,40.0,39.0,25.72100868,88.16513579,6.207459637,175.60866969999995,jute,False
57.0,68.0,81.0,17.17012591,17.30457712,8.081095263,72.78624223,chickpea,False
71.0,54.0,16.0,22.61359953,63.69070564,5.7499144210000015,87.75953857,maize,False
6.0,77.0,25.0,20.61162204,24.36314135,5.792744849,69.63833855,kidneybeans,False
28.0,6.0,40.0,22.10621387,91.34039616,6.769855664,106.8704803,pomegranate,False
16.0,139.0,203.0,17.82803682,80.96093443,6.27564088,65.84748763,grapes,False
66.0,58.0,35.0,23.5643831,79.46283115,7.321619041,185.25947,jute,False
33.16096942956591,67.06440339595252,18.784974351606877,24.70609334829465,66.25379776447517,6.772293588658299,43.90335964406124,lentil,True
51.0,72.0,75.0,18.88852533,14.99451145,7.1042247970000005,80.11133840000002,chickpea,False
67.0,60.0,38.0,24.79853023,78.53037059,7.16214284,162.2847429,jute,False
59.0,62.0,52.0,43.67549305,93.10887229,6.608667683999999,103.8235658,papaya,False
90.0,57.0,24.0,18.92851916,72.80086137,6.158860284,82.34162918,maize,False
23.004946556459167,130.01457728409594,201.06006330799715,26.1703095593643,81.88386760010596,5.908123868986629,69.80358969385327,grapes,True
111.0,88.0,55.0,29.44795403,78.34971537,5.505393832999999,96.45042585,banana,False
14.0,21.0,35.0,29.52501367,91.91185319,6.121005506,194.3100272,coconut,False
99.0,38.0,21.0,22.88330922,71.59722446,6.352471866,67.72777298,maize,False
6.0,139.0,199.0,25.67385024,81.6212135,6.29099842,74.10919422,grapes,False
34.0,65.0,19.0,23.43974653,63.22011726,5.94239222,45.40277297,lentil,False
25.873678796108038,19.64714495731835,31.47992725395718,28.474805301006672,96.79098031128393,5.922638998018429,181.18400680782747,coconut,True
8.0,120.0,201.0,21.18667419,91.13435689,6.321152192,122.233323,apple,False
98.0,18.0,27.0,27.56088634,68.49299897,6.516312148,167.43580749999995,coffee,False
8.0,72.0,17.0,20.57341244,19.7520218,5.711439256,87.87869161,kidneybeans,False
74.86385738954934,50.626039955134196,21.403894617037228,23.382284142048334,67.5691177715183,6.007569171504941,93.42421000156197,maize,True
11.0,132.0,197.0,15.99050693,81.23966573,5.7343170070000005,74.40198861,grapes,False
23.0,70.0,15.0,34.600824700000004,63.11296779,7.403623355,60.41790253,blackgram,False
19.0,123.0,200.0,34.76086052,81.03544763,6.167013532,65.70430027,grapes,False
1.0,59.0,23.0,27.46852989,87.17649,7.184398832,43.78420984,mungbean,False
27.0,74.0,20.0,24.69487673,59.96669215,5.8598134160000015,91.95792434,pigeonpeas,False
11.0,74.0,17.0,21.36383757,69.92375891,6.633864582,46.6352865,lentil,False
99.0,15.0,27.0,27.41711238,56.63636248,6.086922359,127.92461000000002,coffee,False
21.35025762561196,20.45332945872988,40.69569038745936,21.63019882459782,89.1135912897307,6.50015511884676,107.0461877999389,pomegranate,True
117.0,25.0,53.0,29.11858526,92.12543021,6.413927319,24.52020164,muskmelon,False
16.65182526587993,129.4894233922492,200.45515834342135,25.75082683257155,82.16735300592615,6.161832087406408,69.9049070008696,grapes,True
9.0,60.0,23.0,31.96987867,57.17377029,6.2760043360000015,64.25520357,mothbeans,False
24.0,131.0,196.0,22.03296178,83.74372787,5.732453638,65.34440794,grapes,False
58.0,79.0,17.0,27.24766491,66.10123083,7.04174124,62.31842057,blackgram,False
13.99269133326821,44.03500251948148,15.757922929055237,28.32341804704651,84.9359141855287,6.650883733185135,52.34538932795154,mungbean,True
115.92516530554698,40.852767790937406,17.826601980739277,24.572076814055947,76.91226208751395,7.266709896753193,80.08859492392227,cotton,True
28.0,68.0,19.0,34.63880966,61.38597868,7.69950698,72.43169115,blackgram,False
24.204278757335043,130.09004393008087,199.66767654698887,22.6997811117909,81.44299947575186,6.098280048180713,69.9636614008216,grapes,True
31.0,30.0,29.0,26.58580443,90.98617591,5.558807063,178.8116076,coconut,False
101.0,25.0,52.0,29.09910406,94.22237826,6.750145572,22.52497327,muskmelon,False
36.0,24.0,41.0,24.94467632,94.25702672,7.009180374,103.8799347,pomegranate,False
84.0,55.0,38.0,26.8748389,79.78725152,6.956682742999999,173.1017097,jute,False
97.0,22.0,50.0,26.26028739,86.14585891,6.769893799999998,58.97878791,watermelon,False
109.0,23.0,25.0,25.11711046,68.48030408,7.00733163,194.8773479,coffee,False
118.0,88.0,51.0,25.44926208,79.49221962,6.201911642000001,100.6619171,banana,False
27.0,76.0,83.0,19.12829388,14.92241479,6.289614016,89.61857826,chickpea,False
16.0,65.0,16.0,18.13027797,62.45851612,6.078724107,50.6128521,lentil,False
85.0,89.0,51.0,29.21144871,84.70189923,6.1581644220000005,108.5501443,banana,False
77.0,55.0,43.0,25.49941707,75.99987588,6.663559451,193.71418280000003,jute,False
27.04703156317903,49.074467473608244,17.773746002501337,27.967016753603136,86.26022028078938,6.531168139492258,47.60089650422017,mungbean,True
13.0,57.0,25.0,28.30041493,86.20681554,6.86308576,50.47333854,mungbean,False
13.0,72.0,21.0,24.32116642,21.0278674,5.821194486,60.27552528,kidneybeans,False
33.0,75.0,84.0,19.46210401,18.72831993,7.217018459,68.81405149,chickpea,False
107.0,45.0,25.0,23.0865933,83.55546146,7.2277455160000015,71.84080724,cotton,False
44.684453178740384,69.2103842143531,77.90608080187985,19.716478077650393,16.43180729367327,6.673986007736726,75.90788076892848,chickpea,True
25.0,40.0,21.0,27.73329078,81.13903037,6.248900919,44.17580911,mungbean,False
6.0,125.0,204.0,27.92004934,82.93262435,5.7335398070000005,69.92092839,grapes,False
101.0,70.0,48.0,25.36059237,75.03193255,6.012696655,116.5531455,banana,False
20.183391481498997,25.268102988885957,31.297015255611655,32.502196475865865,51.96199402851923,6.07399032072459,96.50964173040927,mango,True
71.6348159104048,52.51324638800116,20.47585312063655,20.624945950949904,68.38397942810329,6.706173926643471,92.5549136948144,maize,True
77.0,51.0,44.0,23.25583402,82.7015932,7.124333547000001,166.2160846,jute,False
27.0,8.0,32.0,27.00648436,96.46168931,5.627860548999998,144.3331315,coconut,False
29.0,36.0,25.0,28.28511547,88.4393979,7.130278657000001,48.56690235,mungbean,False
93.0,81.0,50.0,27.71822477,76.57853189,6.0360792660000016,102.2099836,banana,False
23.0,75.0,25.0,31.07508973,47.19847683,7.077170002000001,91.31256412,pigeonpeas,False
31.0,58.0,15.0,27.11026483,84.96771717,7.121571293,51.52617423,mungbean,False
117.0,34.0,25.0,24.83846178,56.7685316,7.21270048,124.4135035,coffee,False
107.0,42.0,24.0,22.04612876,84.62978302,6.144631795,86.00758678,cotton,False
20.86841698848185,53.24392209359066,20.578168382387272,28.89359037941229,54.14696406710072,7.0611574419491845,46.13993729570769,mothbeans,True
92.13614457743216,19.179527866994007,51.02914454878565,29.726419205398876,91.87483406537471,6.327805147745912,23.891375211177998,muskmelon,True
39.0,28.0,10.0,31.34920143,91.48247612,7.181907673,109.1549823,orange,False
22.0,55.0,16.0,23.7937153,68.03209183,6.516317561,49.73922097,lentil,False
18.602698848704385,69.4765822310041,18.317310167542086,24.556088746026802,62.456490185757545,7.315138058857498,43.76069629990165,lentil,True
10.0,44.0,24.0,30.99256944,43.02151392,8.0344125,58.27600682,mothbeans,False
35.0,30.0,34.0,28.2974764,95.41122824,6.141502001,182.4482352,coconut,False
39.0,69.0,53.0,25.9300384,93.02357765,6.964955435,241.8202079,papaya,False
26.887996203994437,25.9195999418477,29.267624333622617,32.50729327411576,49.41471985249763,5.753089548468127,92.06485088215162,mango,True
22.0,64.0,82.0,19.48974337,17.17260319,6.4740245000000005,87.51312796,chickpea,False
91.0,21.0,50.0,24.33528185,81.44030363,6.762030215,48.32113628,watermelon,False
89.25891254994194,24.126893823887,25.476153096132087,25.364574197063146,58.31989973035915,6.701779685249246,171.92723956346566,coffee,True
19.927001073118266,67.8633415614627,19.14064765981117,30.28531830941721,45.979076115490486,5.686207486941814,159.49843120400416,pigeonpeas,True
3.0,77.0,25.0,24.84906168,22.89464642,5.608165195,62.21292186,kidneybeans,False
100.39671401109646,18.88026058798997,52.90169260668186,25.742133207536504,86.11239066774618,6.596987395934554,47.40384469149531,watermelon,True
42.0,62.0,75.0,18.17912258,18.90426935,7.010570541,81.84997529,chickpea,False
28.0,46.0,16.0,29.008124,84.96089355,6.664187809,45.91011391,mungbean,False
105.0,74.0,45.0,25.14517635,81.38204104,6.098369122,119.218154,banana,False
87.0,38.0,29.0,25.20406808,57.88370456,6.652642579,156.1457255,coffee,False
29.0,140.0,195.0,23.64082979,90.95257927,5.560521058,116.7431319,apple,False
16.844171162339013,72.6822199151242,19.70568563216791,28.613472456736194,65.05504474965818,6.848269996945802,45.692094410497845,lentil,True
27.0,145.0,205.0,9.467960445,82.29335466,5.800242694,66.02765219,grapes,False
31.852989837192787,64.8108299898426,82.04605028557306,19.364307401623645,18.13363640690321,7.228133809243493,75.4820432255257,chickpea,True
81.62932826081727,47.74238749470455,19.99329212642273,23.846044931251853,67.44377355647545,6.211820106542362,79.55866730776917,maize,True
91.0,36.0,45.0,24.44345477,82.45432595,5.950647577000001,267.97619480000003,rice,False
17.876488750663295,128.42493123879783,199.620717252999,17.92553701151136,82.0724185911838,6.033646592289259,70.3217692299471,grapes,True
2.0,75.0,22.0,23.89271875,61.78779413,6.658605362,52.55730112,lentil,False
99.53574727120109,87.70644764876263,48.79237272211595,26.789564190767003,80.64190565294419,6.098159535560129,104.68067228969535,banana,True
35.0,51.0,17.0,28.79929247,49.84213387,3.558822825,40.85534718,mothbeans,False
116.0,28.0,34.0,23.44372334,60.39523266,6.42321105,122.2103248,coffee,False
43.0,68.0,81.0,17.47809436,17.93253975,6.761599706,78.92060234,chickpea,False
29.636016042885856,65.59560321948571,20.501690559017902,23.225053038814064,20.45950723264737,5.611610593046144,122.7171022670642,kidneybeans,True
36.0,27.0,26.0,26.58413917,95.78923137,6.25449571,171.6262299,coconut,False
109.0,21.0,55.0,24.9004602,89.73524177,6.770278088,57.44942094,watermelon,False
4.0,47.0,20.0,25.97948991,64.95585424,4.193189124,72.19245835,mothbeans,False
96.50274151476664,83.20972929556905,52.00397381881066,27.81156327600076,77.14403818087123,6.0250815824039545,104.96547154786583,banana,True
22.0,18.0,31.0,30.764551500000003,47.93791463,5.956027059,90.38503469,mango,False
23.910884668271613,18.762640480162283,10.6552461678817,21.48596952104294,91.59324702737653,7.17594374084174,111.6939953613059,orange,True
20.0,19.0,35.0,34.17719782,50.62161586,6.113935087000001,98.00687989,mango,False
19.581374802189448,130.35356950812826,199.32705750585674,22.97857936733945,91.07369042046092,5.988078050875215,113.49909553010988,apple,True
28.0,37.0,28.0,32.13409675,50.52559148,6.097869767000001,98.63333684,mango,False
30.0,64.0,20.0,33.8642935,61.57072498,6.573531614,68.02199825,blackgram,False
16.0,71.0,24.0,18.33124824,38.40975482,4.946369874,139.64833169999997,pigeonpeas,False
91.0,56.0,37.0,23.43191632,80.56887849,6.363472207999999,269.5039162,rice,False
8.185386390350425,67.53581847945284,18.206478885561634,32.36083845429205,49.03075274596422,5.418403227519452,137.9349072933152,pigeonpeas,True
28.0,136.0,200.0,23.06204373,92.39544055,6.245858905,114.7399101,apple,False
35.0,48.0,15.0,27.10818093,87.45126690000002,6.981758362000001,55.03723979,mungbean,False
38.0,61.0,52.0,31.22790131,94.94021378,6.620729882000001,46.44279118,papaya,False
81.0,18.0,50.0,26.44019475,80.91934337,6.507110986,47.81847573,watermelon,False
105.59475048755644,24.441712486897558,29.020672127354104,25.071201324459974,62.738324546295125,6.859195605019572,155.34603578149546,coffee,True
33.0,139.0,203.0,33.34214482,82.51034633,5.693287415,70.68098614,grapes,False
73.90712421825145,49.80354877351947,18.501535394809714,21.559080703827938,62.59208964548784,5.999976801247591,93.03980035801058,maize,True
19.285544627301757,26.523015132049053,27.921478428765404,30.859004771195877,51.9982939772305,5.84987481988446,92.45755012848913,mango,True
109.0,12.0,48.0,29.45771748,92.12534736,6.708743843,20.76212031,muskmelon,False
13.0,47.0,20.0,29.21780035,87.93724219,6.54450214,43.1386631,mungbean,False
110.0,71.0,54.0,28.67208915,82.20793613,5.725418961,94.37987496,banana,False
25.0,143.0,200.0,23.80436344,92.80441624,6.024248787,100.6192543,apple,False
105.0,95.0,50.0,27.33368994,83.67675197,5.849076099,101.0494791,banana,False
2.0,40.0,27.0,29.73770045,47.54885174,5.954626604,90.09586854,mango,False
47.16276100050964,59.31492649702493,16.8542761962225,28.733738287498177,67.16285324055787,7.186588153837965,69.48945009164072,blackgram,True
10.0,136.0,204.0,21.19852186,92.15595143,6.276198595,105.8554351,apple,False
80.0,71.0,47.0,27.50527651,80.79783998,6.156373499,105.0776992,banana,False
11.30620672115505,46.334074061733496,21.38728412330136,28.52973813636649,55.22494629040284,6.770611264499713,59.24089716458474,mothbeans,True
100.79474662722605,12.141931141202207,49.673101213335855,25.3712256874522,85.84697238514711,6.638883264306249,53.69351620303087,watermelon,True
47.0,80.0,77.0,17.18248372,16.42891834,7.561108006,72.85017344,chickpea,False
35.0,134.0,204.0,9.949929082,82.55138983,5.841138354,66.00817551,grapes,False
50.183905684340324,55.899858204516505,49.64050008532798,32.7860153532207,91.90860385716003,6.773010978553419,150.1830445395366,papaya,True
13.0,23.0,6.0,23.96147583,90.26408017,7.365338111,102.6958703,orange,False
19.545869686291965,65.14849730238166,21.210539432745037,28.231141271662743,40.263025604983504,5.657981042436683,148.0903299032539,pigeonpeas,True
3.0,134.0,199.0,20.28370163,81.32235739,5.81717753,71.06611222,grapes,False
36.0,54.0,46.0,42.54744013,94.94482086,6.662875839,214.41038480000003,papaya,False
39.0,36.0,22.0,29.34317422,60.50320928,9.072011412,34.03335472,mothbeans,False
14.0,67.0,25.0,25.28710601,60.85993533,7.241151936,49.37369982,lentil,False
9.0,48.0,20.0,29.66461594,84.28187572,6.377568542000001,56.09542002,mungbean,False
22.0,51.0,16.0,27.96583691,61.34900107,8.639586199,70.10472076,mothbeans,False
106.53926866848512,19.794749891570365,48.704220047099646,28.728347565134346,91.98840609956834,6.362167116418296,24.343379337506722,muskmelon,True
38.0,60.0,20.0,29.84823072,60.63872613,7.491217102,46.80452595,lentil,False
107.0,34.0,32.0,26.77463708,66.4132686,6.78006386,177.7745075,coffee,False
103.4692007877402,14.977137969315583,48.5028924081673,25.49235346410072,86.78826992131997,6.422506221135381,48.23251066184987,watermelon,True
35.0,138.0,200.0,21.19909519,90.80819418,5.67130617,103.6838922,apple,False
29.361217254048583,48.75988296121683,18.549486056915146,28.237443149261633,84.70202211402903,6.775711977734482,53.16571513891453,mungbean,True
6.0,66.0,15.0,34.93174223,30.40046769,6.3458060110000005,159.2649827,pigeonpeas,False
25.0,57.0,24.0,27.65472156,58.59986279,6.974978386,36.94255012,mothbeans,False
67.0,47.0,44.0,26.73072391,81.78596776,7.868474653,280.4044392,rice,False
74.0,49.0,38.0,23.31410442,71.4509053,7.4880144039999985,164.49703730000004,jute,False
0.0,17.0,30.0,35.47478322,47.97230503,6.279133738,97.79072474,mango,False
1.0,48.0,24.0,29.34594634,85.60472562,6.232836962,59.03629954,mungbean,False
9.0,51.0,19.0,27.04453473,49.32609633,5.49091063,48.25207759,mothbeans,False
14.0,139.0,197.0,21.72484506,92.83975602,6.056529526,121.6961761,apple,False
12.0,37.0,30.0,31.09779147,47.41196659,4.546466109,90.28624348,mango,False
16.0,143.0,197.0,22.61711614,93.51978375,5.90402645,116.9256766,apple,False
82.17166832863384,48.49518487148439,41.121635157079595,23.149565460193482,83.61700975083633,6.279520929303539,221.17656041945344,rice,True
17.0,58.0,20.0,28.06642822,85.91625451,6.42937879,39.23831035,mungbean,False
8.0,139.0,199.0,29.36947679,81.53996362,6.3364266670000005,66.13442813,grapes,False
40.0,64.0,47.0,32.50037548,93.47888842,6.893509446,71.73759526,papaya,False
8.0,120.0,196.0,24.06679352,82.66396666,6.053662544,69.81855775,grapes,False
22.0,9.0,44.0,24.72235539,88.87651295,5.744361602000001,112.1926517,pomegranate,False
34.0,48.0,48.0,41.04224355,91.37258067,6.805277038,181.527598,papaya,False
35.0,41.0,18.0,28.70562673,81.59200689,6.705008503999999,59.87065439,mungbean,False
98.0,8.0,51.0,26.1793464,86.52258079,6.25933595,49.43050977,watermelon,False
37.0,6.0,13.0,26.03097313,91.50819306,7.511755067999999,101.2847738,orange,False
55.27747466025757,56.309115053377745,51.73359732341864,32.469284837221714,91.66237648638075,6.710034477840058,58.134159558952234,papaya,True
5.0,68.0,20.0,19.04380471,33.10695144,6.12166671,155.3705624,pigeonpeas,False
66.0,47.0,36.0,24.85441411,74.44070479999998,6.57256106,175.572958,jute,False
35.0,140.0,197.0,16.77557314,82.75241875,6.106190557000001,66.76285469,grapes,False
13.678695521380675,68.09592980138281,21.27950704352992,24.311406478310793,63.49879219280483,6.792744377055289,46.246146271906305,lentil,True
23.0,24.0,32.0,28.1218093,46.16888595,5.630619901,93.30247448,mango,False
14.0,74.0,19.0,18.39759147,36.82639309,6.624966131,93.12330644,pigeonpeas,False
19.583992184131112,74.28696585408942,19.718378093282496,17.77484720171512,23.656781266290082,5.798958991660041,105.0057112083057,kidneybeans,True
38.0,14.0,37.0,21.80523051,94.63612858,6.658402594,102.6488846,pomegranate,False
34.0,6.0,30.0,27.0828252,97.00155491,5.948342571,171.7575545,coconut,False
111.0,41.0,18.0,23.64328417,78.1258666,6.10539819,80.96157332,cotton,False
90.29956833185057,19.94550855758934,51.02156981525083,26.138396155413787,84.84870540179365,6.475828582394122,51.28504803835583,watermelon,True
38.0,77.0,22.0,28.234829,69.3159965,6.313284267999999,35.36831423,lentil,False
71.0,56.0,37.0,23.18866654,86.20899734,6.491506245,176.103677,jute,False
81.0,45.0,23.0,19.32666088,68.03449300000001,6.192360002999999,84.22969177,maize,False
99.0,55.0,35.0,21.7238313,80.2389895,6.501697816,277.9626192,rice,False
17.0,52.0,17.0,27.88352946,86.45147631,6.364967184,44.64407105,mungbean,False
22.0,44.0,24.0,24.30935081,56.32938343,6.030447288,58.99536268,mothbeans,False
21.07840436232069,47.21483597617615,19.728530408615992,27.91227872049136,56.147951269703555,7.046263183438468,52.81618528541807,mothbeans,True
88.0,55.0,45.0,24.63544858,80.41363018,7.730367824,253.7202781,rice,False
26.0,68.0,24.0,28.04849594,64.07691942,7.504930973,37.15824966,lentil,False
20.0,62.0,18.0,29.36358721,64.98742947,7.366542647,61.91208707,blackgram,False
82.17137403614976,57.7391537218305,37.64804017953162,23.444188708511568,82.26721113922814,6.247679067615441,253.95069546285904,rice,True
101.0,13.0,54.0,25.42900869,82.91481799,6.828982708,56.34144589,watermelon,False
50.968221663564826,72.33006926427839,19.646824123780856,31.787470543968194,65.13528995505271,7.171725994367174,65.59650755309117,blackgram,True
111.0,5.0,55.0,26.283443,84.42478917,6.520663422,50.78669728,watermelon,False
28.0,123.0,198.0,23.46260321,91.45665004,5.682751473,111.7763395,apple,False
107.0,38.0,29.0,26.65069302,57.56695719,6.35118177,145.105065,coffee,False
12.0,129.0,205.0,22.36238282,91.15761594,6.119432215,118.68327250000002,apple,False
84.53892728573001,45.464795981454685,38.52673137589252,25.425858304859364,76.6087544621338,6.679564627225451,173.92746550820186,jute,True
33.0,14.0,35.0,27.14865285,96.66355213,6.027707171,149.2433497,coconut,False
83.75479782640221,41.830609271576236,38.63045900411385,23.410180493969463,82.82572142247233,6.4172665113433,255.6737634753367,rice,True
102.89653430689977,75.3017712183349,51.61857234659229,27.701336000449167,78.80047658005164,5.920084125086672,105.86620726588411,banana,True
99.58890814278851,22.67867767293701,52.026273632228765,28.868661493437962,93.63653192480122,6.31406990707318,26.94101562312351,muskmelon,True
22.269230738342863,26.01326037371703,30.611275905962216,31.1290320128879,50.173907663552946,5.9974594773795795,93.49032832038532,mango,True
3.0,141.0,197.0,21.98141856,91.12719303,6.142803397000001,115.4789148,apple,False
36.0,56.0,83.0,18.89780215,19.76182946,7.4526709,69.09512477,chickpea,False
37.0,135.0,205.0,11.82768186,80.2827185,5.510924848999999,74.10225057,grapes,False
32.0,121.0,199.0,39.37102553,81.25353895,6.129812716,74.08101744,grapes,False
4.0,19.0,43.0,18.07132963,93.14554876,5.7794274020000005,106.3602023,pomegranate,False
81.1332951899166,48.37965915253078,38.67489282459554,23.51166712885203,80.86957048774302,6.781520120209767,222.96711459923347,rice,True
46.64767881554092,58.26208815066219,47.56828232145012,35.58800363303827,92.87660017059608,6.778897074356948,114.60329608587004,papaya,True
9.0,80.0,19.0,21.80619564,18.57086554,5.945465949,125.0972687,kidneybeans,False
105.0,14.0,50.0,26.2148837,87.68839820000002,6.419052193,59.65590798,watermelon,False
2.0,47.0,15.0,29.86860065,85.99127934,6.401455706,58.41394143,mungbean,False
23.08416027756456,64.93480302628502,19.150537570894453,30.566121891655598,54.593511300538104,6.4219216112895925,179.21007873918754,pigeonpeas,True
37.61501614491858,64.77793745661988,17.814363561936734,29.535111510158515,67.1157104201835,7.476195449418853,67.18133513421455,blackgram,True
12.01523937159107,22.513167696752358,38.78679082039419,21.093584819111516,89.29295054503093,6.410445621487786,107.9963257332352,pomegranate,True
102.0,14.0,52.0,26.79489868,89.64815231,6.51075991,57.74091817,watermelon,False
107.0,43.0,18.0,22.426733,81.53480799,6.745104394,65.54475812,cotton,False
101.05997283398429,26.47516379829046,28.2001911586567,25.274799862256717,55.64699110494562,6.85763292635667,143.29052221731055,coffee,True
8.169629585843698,44.023796630224226,21.18628505222662,26.428847037748213,48.37568171356709,8.498646491434242,46.82235626182601,mothbeans,True
103.97779831380308,27.912635344849637,27.318112960924537,26.283178144658347,59.9339980269492,6.638886039014696,154.4612686181523,coffee,True
86.0,18.0,45.0,28.96586565,90.71832938,6.566759102000001,22.25838137,muskmelon,False
17.27559037010816,128.3347869648727,200.00976638227968,22.411890348352753,92.5030679346073,5.932601297853255,118.34348530710655,apple,True
52.0,65.0,20.0,32.81705216,66.15665137,6.814301033,68.83924882,blackgram,False
18.45890667697821,24.919489555535755,42.80958719730626,22.92703459067839,90.60233206530512,6.182162586740262,108.56876907902578,pomegranate,True
99.0,56.0,17.0,24.10859207,73.13112261,6.234330356,71.07562236,maize,False
21.0,62.0,24.0,33.49077065,62.73317204,6.8473828910000005,65.45328463,blackgram,False
32.0,55.0,52.0,37.58899717,91.99740365,6.967759599999999,159.6577388,papaya,False
71.0,52.0,43.0,26.47549543,73.96164569,6.732826127,180.2513601,jute,False
51.0,56.0,18.0,28.12787838,64.2097765,6.706505915,70.86340755,blackgram,False
97.0,12.0,47.0,25.28784623,89.63667876,6.765094963999998,58.28697664,watermelon,False
114.0,20.0,26.0,25.55656667,62.67087838,7.27905689,193.5866233,coffee,False
20.360591225108077,23.01898014603034,37.80611950506111,21.87176724927728,88.59222558855879,6.553399686483475,108.65359515057456,pomegranate,True
36.0,19.0,32.0,27.10710832,50.70880979,4.94295037,92.37238878,mango,False
19.0,35.0,24.0,27.11030369,83.64274107,6.883308033,49.11964582,mungbean,False
40.0,70.0,20.0,31.80130272,45.03186173,5.623490042999999,147.03614419999997,pigeonpeas,False
20.0,142.0,196.0,10.89875873,80.01639435,6.207600782999999,68.69420397,grapes,False
39.0,145.0,201.0,36.73126647,80.58931938,5.775600435,72.24230804,grapes,False
109.0,29.0,28.0,23.26316991,60.51600210000001,6.724688502999999,194.1755471,coffee,False
61.59781177111596,42.261626084065284,43.11500290702912,24.634514387942346,74.17573454817926,7.008453429068795,174.89348779239006,jute,True
37.0,24.0,13.0,19.14381903,90.71037456,7.8546243,108.0230792,orange,False
20.0,60.0,22.0,29.65052947,42.89833235,6.876572502999999,186.9226052,pigeonpeas,False
28.0,66.0,23.0,21.53989176,24.25386207,5.99616119,120.6913038,kidneybeans,False
108.0,38.0,24.0,23.41022496,76.43836957,7.442217061,78.82199603,cotton,False
35.52283909868225,69.27858609556161,80.82612696473988,18.50892910771546,17.705647637659908,7.800611865429588,85.76421918274279,chickpea,True
41.0,74.0,18.0,28.75751783,61.02701476,6.599147297999999,73.37686831,blackgram,False
34.0,11.0,10.0,31.75048899,94.59551226,7.36220835,115.1989301,orange,False
40.0,64.0,16.0,16.43340342,24.24045875,5.926676985,140.3717815,kidneybeans,False
131.0,35.0,18.0,24.49112609,82.24415809,7.0576933660000005,64.02949379,cotton,False
14.0,41.0,17.0,29.12939524,88.48312598,7.085982325,36.45012824,mungbean,False
47.0,46.0,52.0,23.19451074,91.40301608,6.502289472999999,206.3999208,papaya,False
26.190809455099533,17.677098764448175,10.415496506589538,20.037531745694054,92.08365271835926,7.120983707494502,112.52225908672979,orange,True
37.0,137.0,199.0,22.63946441,90.18451645,5.697945522,108.3405879,apple,False
29.16271554691213,40.03528231578518,20.018477289731564,29.364976146955634,85.33431176601212,6.475597068150354,46.994684430788176,mungbean,True
67.0,58.0,39.0,25.2827223,80.54372813,5.453592032,220.1156708,rice,False
98.57877884133002,82.39250774257845,49.904378372090875,27.941575834662096,80.84157036938772,6.074334342774983,101.39226756487572,banana,True
5.0,29.0,44.0,21.02432943,93.0569505,5.578095745,104.7847006,pomegranate,False
23.0,30.0,44.0,20.93892916,85.42912869,6.12476108,103.0295938,pomegranate,False
16.0,65.0,19.0,27.61204997,69.29786244,7.043160241,42.72374404,lentil,False
83.0,7.0,45.0,29.08417927,90.73891887,6.704104127000001,25.33014238,muskmelon,False
110.50745484458582,47.74724901877124,18.821832077691045,25.337356235671773,77.1926295215503,6.9765317568093055,74.06356523803463,cotton,True
44.498986698062794,60.28577822709731,51.35050003134282,32.3226213974683,92.10077195199837,6.7433036192526155,160.10108849978658,papaya,True
112.0,39.0,29.0,26.12492233,63.37479229,6.726528895,147.8035305,coffee,False
60.0,61.0,78.0,20.71219282,19.83643308,6.317153205,94.03659867,chickpea,False
23.0,21.0,26.0,26.45488737,93.45042636,5.901495543999999,149.2220255,coconut,False
19.0,7.0,9.0,27.255435,91.71369387,6.969883482999999,101.139435,orange,False
22.0,56.0,17.0,29.87888063,87.32761241,6.89077995,44.75215854,mungbean,False
90.0,39.0,37.0,24.81441246,81.68688879,6.86106911,190.7886386,jute,False
18.0,27.0,41.0,22.36509395,92.30882391,7.175344328,104.8216333,pomegranate,False
85.0,35.0,32.0,26.24928198,54.28617819,6.854011265,133.1120232,coffee,False
50.0,59.0,47.0,40.76998685,92.09278584,6.747975732,209.8678411,papaya,False
117.0,81.0,53.0,29.50704598,78.20585613,5.507641777999999,98.12565829,banana,False
99.0,70.0,46.0,26.59580783,82.99556744,5.727469947,100.5123341,banana,False
115.0,31.0,30.0,24.22984659,67.37768353,6.840927967000001,122.4073418,coffee,False
104.51034751217301,27.337056368366575,29.55615091663379,24.36302918610829,60.003912409643625,6.423270137941136,167.7250321896023,coffee,True
13.0,61.0,24.0,18.29783597,69.6897615,7.629910252999999,49.39111479,lentil,False
73.08148186417121,46.22546125444063,38.843888832903744,25.848432032059282,81.70379298806992,6.878184895646529,179.47916394559624,jute,True
91.0,94.0,46.0,29.36792366,76.24900101,6.149934034,92.82840911,banana,False
100.0,6.0,53.0,29.05248036,93.92217834,6.105909623,23.66620626,muskmelon,False
77.0,38.0,36.0,21.8652524,80.1923008,5.953933276,224.55501690000003,rice,False
17.0,29.0,26.0,26.14162144,93.28415295,6.071897347,195.4115025,coconut,False
98.9146234865415,82.68872017442129,50.550613244126616,27.11118453202978,77.89389793579926,6.028279141656415,112.7439282391055,banana,True
44.0,57.0,53.0,42.30495821,90.51431779,6.93172108,74.876786,papaya,False
20.867929493035078,16.38878738131958,10.668799258487066,23.607868947854975,92.21247061704784,6.832241992628135,115.31670557478266,orange,True
105.22298159870675,28.708004423418423,30.77313283870085,25.225788412251102,65.37906443814305,6.463290930711881,174.266241174793,coffee,True
14.497914898095948,132.06527029137237,198.43402939251024,22.591945828745974,91.05151463445252,5.7323955317576205,120.21678483998284,apple,True
58.0,67.0,45.0,38.72382798,91.72514851,6.702424548,62.62377075,papaya,False
25.061337590587446,19.975021506307545,29.725422319654943,27.797579356585302,95.6047551115277,5.897527545281163,159.141343467314,coconut,True
77.77304157956301,47.24534814229587,41.39488218074234,25.774779824768,79.63366726064112,6.914735419064951,169.5020477017738,jute,True
20.96134115430151,69.245128664338,20.38847247088412,30.164787347362545,44.303665769563814,5.385659933808601,138.92542423730006,pigeonpeas,True
60.0,55.0,40.0,24.9949957,88.95692783,7.02777956,151.4935635,jute,False
7.0,63.0,24.0,22.95458237,24.03553105,5.858617867,107.7315386,kidneybeans,False
11.39054382684185,76.90953030525841,20.626127562882807,23.954247481834326,66.63801343011977,7.116794399537419,51.218024872973736,lentil,True
140.0,38.0,15.0,24.1472953,75.88298598,6.021439523,69.91563467,cotton,False
26.0,24.0,34.0,31.27180992,52.23810152,6.811291098,89.74409017,mango,False
76.0,56.0,39.0,24.39459498,89.89106506,6.551130445,197.1220049,jute,False
12.0,29.0,13.0,22.45616931,91.52781832,7.57125447,118.0069295,orange,False
27.0,56.0,22.0,19.91853092,20.70099804,5.833010957999999,108.6434544,kidneybeans,False
20.0,7.0,45.0,18.90592319,89.24126808,6.077886012,112.4750941,pomegranate,False
50.0,46.0,52.0,31.18298415,90.21646909,6.734005647999999,54.01872359,papaya,False
11.60306868494808,48.52650184008274,20.973522048068094,28.776833703280325,55.143984259349764,5.0317763269354625,41.84102429788021,mothbeans,True
111.0,53.0,19.0,23.96436009,78.02763149,6.419536555,84.63148859,cotton,False
67.0,55.0,44.0,26.284017,75.14640198,7.251847296,182.2685447,jute,False
84.06942487386758,42.60571678551287,40.540043921876695,25.104552652183337,82.62670537749626,6.855729905030001,156.86996810959602,jute,True
20.0,8.0,12.0,25.2990432,94.96419851,7.260416405,117.9733424,orange,False
66.0,60.0,38.0,22.08576562,83.47038318,6.372576327000001,231.7364957,rice,False
83.0,21.0,28.0,25.5674832,60.49244602,7.466900682999999,190.2257843,coffee,False
30.0,37.0,25.0,29.89129144,80.14487166,7.120032489,54.7960127,mungbean,False
86.0,95.0,49.0,28.05484146,78.04602887,6.458714879,108.3957179,banana,False
78.0,48.0,22.0,23.08974909,63.10459626,5.588650585,70.43473609,maize,False
116.0,56.0,17.0,24.71252544,77.7293114,7.979090365,85.24963302,cotton,False
42.0,60.0,47.0,33.46873719,92.12746225,6.834808347999999,136.8277041,papaya,False
0.0,67.0,22.0,29.82112112,69.4073209,6.5937983870000005,51.56461082,lentil,False
131.0,49.0,22.0,25.49848236,79.9751579,7.306918817000001,67.05961949,cotton,False
26.0,80.0,18.0,19.32509638,23.3334788,5.581021521,104.7783947,kidneybeans,False
14.0,59.0,15.0,21.35135729,22.91244883,5.779090476,146.4548645,kidneybeans,False
104.0,35.0,28.0,27.51006055,50.66687215,6.983732393,143.9955548,coffee,False
32.633239268354885,44.05827844603834,21.16090650038337,27.435969338048608,53.43905751548685,6.241562852342307,55.059276965337425,mothbeans,True
38.0,72.0,21.0,28.23416057,49.4421345,5.902103172,186.5008581,pigeonpeas,False
17.0,64.0,18.0,36.75087487,58.25799145,6.07938452,124.6028153,pigeonpeas,False
109.73884679538124,17.42414774783805,52.123661649699756,28.433421961247028,92.52701040835966,6.3523834644155,22.33535056716257,muskmelon,True
22.586044207213874,130.74723755535163,199.082386953306,26.127541385528502,81.99005706202767,6.119801411232728,69.8064587430187,grapes,True
96.31651203510346,81.31936367437557,50.38280648778763,27.962802930700743,79.8058059250747,6.054420095557491,103.37778403571045,banana,True
40.7092328652906,64.93184150322878,78.51867739150892,18.558357751148634,17.324894464798636,6.954168158707475,81.79685247433623,chickpea,True
20.0,28.0,26.0,26.37978453,91.49882979,5.547594847,167.0470997,coconut,False
27.0,79.0,82.0,17.06579293,17.54024066,6.307004922999999,70.87150577,chickpea,False
26.0,64.0,22.0,25.95058595,40.58227261,5.16516459,109.1821183,pigeonpeas,False
27.0,138.0,201.0,23.66682067,93.90191078,5.952367662,105.4004751,apple,False
26.0,54.0,17.0,28.5474135,88.9570454,6.27258822,49.4897245,mungbean,False
113.91678316836621,53.30551405949279,21.346676687875952,24.044381418521294,78.40871645510272,6.7467037676640516,80.80955038051842,cotton,True
38.0,132.0,197.0,20.42094753,81.54185044,5.931101816,66.93065667,grapes,False
56.0,59.0,55.0,37.03551903,91.79430166,6.551892637999999,188.5181422,papaya,False
21.346399735389078,71.02286637640633,21.145292965177017,22.566814354381624,65.91271852810056,6.8470333307569025,38.59390709080148,lentil,True
10.519575532726904,25.22251440545673,28.257537718264327,28.917685898906555,49.0600138940934,5.397977364427859,95.67902330735267,mango,True
86.0,79.0,45.0,27.81251452,82.69285419,5.80766417,99.20961514,banana,False
66.0,53.0,19.0,23.09348056,60.11593810000001,6.033550195,65.49730729,maize,False
114.0,79.0,51.0,26.21009246,82.34429458,6.313197204,112.0700033,banana,False
27.0,22.0,29.0,28.83214859,92.17170353,6.000248647,145.41723869999996,coconut,False
47.0,79.0,78.0,17.48395377,14.76014523,6.609696734,65.11365631,chickpea,False
1.0,135.0,203.0,22.77856513,92.70124029,5.624203283,113.7759219,apple,False
24.698255794422497,9.11088636125547,33.382206291405126,27.82745030086529,94.5991444936903,6.059335049950868,154.9113122431028,coconut,True
14.0,25.0,40.0,20.07386547,90.97819712,6.407872061,103.7084055,pomegranate,False
24.0,140.0,205.0,12.087022,83.59398734,5.93202852,68.66813363,grapes,False
102.0,11.0,45.0,29.03167341,93.12603235,6.35544263,24.15591199,muskmelon,False
17.474045590968508,47.38490538645189,18.611467983202886,26.83954627293929,52.983895042679094,6.001087560132223,46.1037276686919,mothbeans,True
95.0,38.0,22.0,19.84939404,61.24500053,5.730617109,100.7689246,maize,False
2.0,61.0,20.0,22.13974653,23.02251117,5.95561668,76.64128258,kidneybeans,False
107.0,36.0,21.0,25.29250148,75.66653335,6.205263534,62.64174227,cotton,False
110.0,22.0,47.0,29.03157242,91.82172592,6.243673725,24.93861254,muskmelon,False
27.0,13.0,6.0,13.36050601,91.35608208,7.335158382,111.2266885,orange,False
24.108257509420067,50.53149516062408,20.005863653965882,28.283978590447767,50.42626289509173,6.029808081173309,56.48664250479388,mothbeans,True
101.0,17.0,47.0,29.49401389,94.72981338,6.185053234,26.30820876,muskmelon,False
27.0,59.0,20.0,28.00937423,52.60950014,4.397698806,36.01203025,mothbeans,False
50.36928908815977,51.551577582827086,50.98301118614998,30.89269349690621,91.93226171645989,6.787605572574724,150.82404606701982,papaya,True
74.63975834546423,51.568825304430845,21.33817695546018,22.294467658274293,65.21391420312989,6.401668775262121,85.79154505660827,maize,True
26.82336813212915,29.289226263794916,27.893068587698323,32.01918154997869,47.21079235219658,5.687977878957767,96.60409338066525,mango,True
27.0,139.0,205.0,22.48403042,93.40819246,5.7721799460000005,105.5473627,apple,False
27.475918784871382,51.11540526433806,18.758034921579657,28.217105708225308,84.57956159410469,6.828934820393934,44.84504797984101,mungbean,True
14.0,69.0,19.0,20.95628486,63.68128841,7.239455147,52.39881209,lentil,False
109.0,10.0,53.0,26.81938687,87.8274604,6.5517503060000015,46.06193778,watermelon,False
34.0,76.0,80.0,20.65691793,15.84572566,7.985417393,65.23811143,chickpea,False
23.0,59.0,25.0,27.826262300000003,88.73100226,6.320768488,56.68833819,mungbean,False
102.0,71.0,48.0,28.65456263,79.28693687,5.695267822000001,102.4633775,banana,False
30.0,75.0,81.0,19.41789736,16.80472243,6.4084378860000015,68.4951189,chickpea,False
98.36616399930666,74.35499048812292,47.52141064189216,28.35084076550396,81.61383473579609,5.886529577812206,97.56660429304016,banana,True
13.0,60.0,25.0,17.13692774,20.59541693,5.68597166,128.256862,kidneybeans,False
18.31262573538329,17.027593043376967,29.690784839379297,28.532385792914962,95.33277825535096,5.945206001038205,193.27600758014265,coconut,True
24.36985596062406,49.62121559999475,18.72938740617562,28.59379788239359,88.63482381155467,6.721435382170543,45.93682092708631,mungbean,True
96.0,18.0,50.0,25.3310446,84.30533791,6.904241707000001,41.53218699,watermelon,False
99.0,41.0,36.0,24.45802087,82.74835604,6.738652179,182.5616319,rice,False
34.18905642496892,70.52723231201583,20.259599427008293,30.567757525580628,66.86691120240526,7.252300069638391,69.43232967200325,blackgram,True
37.0,77.0,20.0,25.93381964,68.70533022,7.080506001,51.02372773,lentil,False
32.0,12.0,30.0,25.39241091,98.08951196,5.579845008,218.080385,coconut,False
23.0,7.0,34.0,26.1055118,91.52421214,5.852038202,134.1279669,coconut,False
29.0,25.0,35.0,28.3575072,91.64509299,5.542873799,160.73069909999995,coconut,False
37.0,124.0,195.0,18.70679077,83.4795292,6.209928251,66.5964488,grapes,False
28.0,76.0,82.0,20.56601874,14.25803981,6.654425315,83.75937135,chickpea,False
4.0,43.0,18.0,29.02955344,61.09387478,8.840656256,72.98016599,mothbeans,False
37.0,144.0,197.0,11.18994268,80.8084305,6.415555956,66.34234944,grapes,False
87.0,25.0,46.0,27.42711692,90.02696201,6.379690748,21.7508774,muskmelon,False
10.0,141.0,201.0,22.12659387,90.97818277,6.386021424,104.5412275,apple,False
85.0,22.0,53.0,25.96534238,89.77076659,6.849471704,59.46338556,watermelon,False
80.0,77.0,49.0,26.05433004,79.39654531,5.519088423,113.2297373,banana,False
19.0,72.0,15.0,28.83600962,69.76112921,6.890760124,44.08562546,lentil,False
6.0,8.0,11.0,24.35590861,92.39651663,6.600948787999999,119.6946577,orange,False
12.0,61.0,19.0,19.33162606,24.13995025,5.655726817000001,68.51253427,kidneybeans,False
118.0,15.0,45.0,24.21495706,84.20576992,6.538006356,48.01138482,watermelon,False
96.38452562159901,15.354203846682504,53.482182873998205,26.017556000401516,86.55636848938735,6.458579450493031,49.94631766457442,watermelon,True
15.9085085382343,26.58196727688899,31.08004230709105,26.902515631628887,96.07451688517463,5.960865283012103,171.96014275634653,coconut,True
122.0,59.0,18.0,23.5000992,83.63488952,6.219469084,79.81328183,cotton,False
84.0,39.0,35.0,23.17714381,52.13864034,6.959404135,117.3113562,coffee,False
33.0,80.0,22.0,28.57006111,65.71765781,6.593961761,70.0866434,blackgram,False
65.0,37.0,40.0,23.35905428,83.59512273,5.333322606,188.413665,rice,False
22.102422912795262,136.20446959022613,200.0571989571835,26.43369604070747,81.75986808920466,5.974910490543021,67.53539311450147,grapes,True
36.0,67.0,20.0,20.39078312,60.47528931,6.924042372000001,53.31508572,lentil,False
14.0,5.0,36.0,24.92639065,85.19098079,5.832525853,104.7693804,pomegranate,False
44.00189792820052,57.23981976500257,49.893110661367544,31.295662737773103,92.75882905036663,6.767737737196074,107.58619042853303,papaya,True
36.0,43.0,24.0,27.09400578,43.65305437,3.510404312,41.53749535,mothbeans,False
8.0,50.0,21.0,28.62911222,89.11480590000002,6.218923893,50.49913241,mungbean,False
88.0,38.0,15.0,25.08239719,65.92195844,6.455116637000001,62.49190812,maize,False
95.0,16.0,46.0,27.076726500000003,90.14362622,6.74669542,24.4514648,muskmelon,False
87.0,21.0,52.0,27.350629600000005,94.29119509999998,6.067665497999999,27.21244021,muskmelon,False
34.0,21.0,42.0,18.75927679,89.93457597,6.648687273999999,111.0196744,pomegranate,False
89.0,11.0,47.0,29.78714005,94.65343534,6.327822962000001,27.8659442,muskmelon,False
38.629265948012254,68.17254315287536,80.04882669770686,19.535957885632172,16.55119581462467,7.477968748259921,76.13197721844918,chickpea,True
83.0,15.0,49.0,28.92705913,91.39356832,6.438008152999999,23.20076686,muskmelon,False
113.7468146998636,45.62031998061837,21.214166071126364,24.212333308286734,77.71243989274599,7.118267326713153,74.30697207783541,cotton,True
86.0,26.0,27.0,27.13140403,52.89368299,6.081172981,192.4280381,coffee,False
31.0,51.0,25.0,27.53592929,85.57019009999998,7.196774236,53.01899249,mungbean,False
44.0529727931506,68.6885438090042,16.396826455477733,30.085657727148465,64.34022228566128,6.89555997022804,71.40266769866138,blackgram,True
77.0,36.0,23.0,24.71417533,56.73426469,6.648725327,88.45361858,maize,False
120.0,7.0,47.0,24.24782473,83.03687902,6.653867608,54.76576239999999,watermelon,False
23.573196248016483,130.7228237368236,200.5022868264616,22.234250995051728,92.97401515315181,5.92294960467408,111.99824194122222,apple,True
25.0,65.0,21.0,33.86351172,68.59232289,6.880245789,69.24464096,blackgram,False
91.0,13.0,47.0,29.10968327,92.43510994,6.14410903,27.95602304,muskmelon,False
6.0,7.0,7.0,27.68167318,94.47316879,7.199106204,113.9995146,orange,False
103.6228922325408,29.47502548393426,48.16114393881928,28.366200849010333,92.65797178264529,6.404789865327628,27.394794096724254,muskmelon,True
83.0,41.0,43.0,21.0525355,82.67839517,6.254028451,233.1075816,rice,False
22.84944764326244,46.03600735550029,18.135844440466876,28.80593924212319,85.5178151359757,6.851247212325089,51.21516934870509,mungbean,True
66.0,44.0,20.0,19.0781471,69.02298571,6.740000687999999,80.72515943,maize,False
19.0,79.0,19.0,20.06003985,67.76252583,6.677262562,42.89509057,lentil,False
8.0,26.0,36.0,18.78359608,87.4024767,6.804781106,102.5184759,pomegranate,False
20.98880066913407,133.4783172844842,201.4918713241242,25.40335136882941,82.61628664813296,6.011774246218223,69.12158816315623,grapes,True
26.0,135.0,203.0,33.78372897,81.16314317,5.6851027689999984,74.53557341,grapes,False
15.309845867001426,21.642659588647486,39.925827775883235,20.742901613341125,90.21842951411269,6.471033332893078,108.88155320647894,pomegranate,True
16.0,73.0,19.0,18.41645629,34.80541039,4.684079249,163.27474730000003,pigeonpeas,False
76.24426036130275,40.27977916120179,39.459605187597,24.851822384660345,82.69750909289661,6.433276223241457,219.12205487995067,rice,True
22.0,55.0,20.0,33.95309131,69.96100028,7.423530351,61.16350463,blackgram,False
9.0,16.0,39.0,18.41164435,91.11927248,6.101198974,105.1834976,pomegranate,False
85.13861684299263,19.620102261963062,47.26845726303057,25.773170590693766,84.85470368395401,6.5140399497495345,48.11178438265996,watermelon,True
87.0,28.0,35.0,26.5602777,57.1621814,6.759211911,152.0616227,coffee,False
25.0,57.0,19.0,17.15432954,19.87070659,5.566522896,87.99669731,kidneybeans,False
23.0,35.0,18.0,26.4908332,47.36534833,5.414492777,36.99362831,mothbeans,False
100.0,58.0,41.0,23.17403323,87.88255345,6.6587699910000016,160.6217342,jute,False
15.0,133.0,199.0,23.99686172,91.61001707,5.8247786360000005,117.6102915,apple,False
17.0,57.0,21.0,19.88394011,20.31564139,5.789214288999999,60.91974792,kidneybeans,False
37.0,55.0,82.0,19.45591848,18.02235902,8.423873703,78.44910564,chickpea,False
4.0,40.0,21.0,28.79728147,80.45744422,6.725551062,44.30070517,mungbean,False
17.0,59.0,17.0,18.416700100000003,23.42829938,5.689858133,132.9801054,kidneybeans,False
33.76257012410208,20.374018862835683,30.844444082396706,27.105686107649838,94.3142955533866,5.670348933177002,179.4832778928355,coconut,True
53.0,74.0,15.0,29.43463808,64.94329356,7.517097,72.17818157,blackgram,False
129.0,60.0,22.0,24.58453146,79.12404171,5.947448589,71.94608134,cotton,False
117.0,43.0,25.0,24.68854799,78.51206972,7.839849298,69.31153566,cotton,False
5.0,23.0,15.0,25.66901098,92.04670813,7.408939392000001,112.5424199,orange,False
25.0,27.0,41.0,19.20090378,94.27659596,6.9235093710000015,108.0423555,pomegranate,False
88.08211468100387,52.032908157491924,39.91146716588431,23.239886411241876,83.07061330867643,6.0436896137052845,242.9028324165016,rice,True
25.91983168107108,69.41488149779622,20.275888266556887,20.62619935027641,20.67125948162292,5.811652486000321,91.40127005882448,kidneybeans,True
115.0,11.0,46.0,24.41592661,89.39655519,6.623167177000001,40.32161859,watermelon,False
19.802174901127895,71.4983250615555,18.707760280189103,18.006928673880612,22.27120194575208,5.795244695095318,112.189658204841,kidneybeans,True
34.0,9.0,36.0,22.8122645,86.34233767,6.276038961,110.4432293,pomegranate,False
93.0,56.0,36.0,24.01497622,82.05687182,6.98435366,185.2773389,rice,False
33.0,59.0,19.0,23.19305333,62.74710773,7.641024177,49.55213308,lentil,False
13.0,64.0,20.0,19.1345771,62.57526895,6.590571088,36.46946971,lentil,False
79.28471515849861,46.84680037569084,20.337597880507342,23.508660375042428,64.78190140116028,6.61179923922221,86.6260551291635,maize,True
23.0,45.0,21.0,31.46511256,51.79939437,8.985348193,74.44330654,mothbeans,False
113.3966293078702,42.89966772197157,18.179262100136405,25.125186263431942,79.9295288372672,6.989620104211218,70.42195769552508,cotton,True
38.0,61.0,21.0,30.27374995,67.38680755,4.696518678,127.7767134,pigeonpeas,False
43.0,50.0,48.0,28.28222883,91.37059792,6.63016515,179.27208069999998,papaya,False
31.327564377995326,67.57100032055473,80.05696887135801,18.467201891944296,17.571793780811767,6.799330377314354,78.44252547738228,chickpea,True
100.0,10.0,53.0,24.54356968,84.60808277,6.211748957,42.00660251,watermelon,False
40.0,22.0,29.0,27.55821802,99.98187601,5.735364307,174.62564809999995,coconut,False
104.0,25.0,55.0,29.81196601,90.36881284,6.123802502,22.68766503,muskmelon,False
0.0,123.0,205.0,22.02775403,92.96129462,5.790993052,121.1349176,apple,False
0.0,55.0,22.0,22.98666928,20.57940608,5.916779289,143.85849380000005,kidneybeans,False
44.9194715834567,68.4662335998499,78.8500067792224,19.590128673345756,18.212205277040532,7.535057918494973,83.92653911349815,chickpea,True
97.35167037913654,87.8209294396892,51.128257939126705,26.87763651427949,78.93614026001367,5.988329414218219,98.91027327576187,banana,True
115.0,9.0,52.0,29.06785065,90.97685539,6.019372459,29.1194739,muskmelon,False
127.0,53.0,24.0,22.21506982,76.17851932,6.127939627999999,70.40557612,cotton,False
21.723169935321117,65.32401923369966,19.47498835822377,18.939028315207178,21.421621115963223,5.883103847497158,89.41176395462773,kidneybeans,True
12.0,39.0,21.0,28.99319096,62.85948245,8.183844843,70.4713043,mothbeans,False
31.0,78.0,76.0,17.57212145,14.99927489,8.519975748,89.31050665,chickpea,False
92.0,81.0,52.0,28.0106804,76.52808057,5.891413895,103.7040783,banana,False
85.554136464663,45.47404969036388,21.274133707220148,20.568743471892834,68.01617866820138,6.161387844589657,76.77173575967257,maize,True
89.0,54.0,38.0,24.51588066,83.53521629999999,6.685346424,230.4462359,rice,False
27.0,120.0,200.0,21.45278675,90.74531921,6.1102188260000005,116.7036582,apple,False
22.0,79.0,17.0,21.42451099,20.39659714,5.912289889,116.5206923,kidneybeans,False
9.0,66.0,21.0,30.11812084,34.13307843,5.719889876,157.0858232,pigeonpeas,False
16.990275113039615,60.64518354740433,22.768544691511202,21.188335939378675,22.439663502518485,5.819676964043799,113.44910439210047,kidneybeans,True
68.0,41.0,16.0,21.77689322,57.80840636,6.158830619,102.0861694,maize,False
16.492140670991756,70.13995332971591,20.18594312287345,25.985202170309947,66.8941863849137,7.201427037999433,43.049182877621725,lentil,True
74.0,48.0,17.0,21.63162756,60.27766379,6.430616465,69.21803098,maize,False
99.0,50.0,15.0,18.14710054,71.09445342,5.573286437,88.07753741,maize,False
91.16541654961077,49.423804889279396,40.713185740450925,24.586544594938232,82.81963316036469,6.26669376397844,240.85427696354228,rice,True
20.720685912882182,68.13185407948869,18.819345512970703,28.046082836496918,50.86503511107555,5.930174001638572,158.86197881828096,pigeonpeas,True
28.0,23.0,28.0,30.01821337,50.09831810000001,5.676032581,96.08745082,mango,False
89.0,41.0,38.0,23.12844351,74.68322732,6.344751947000001,199.83629130000003,jute,False
77.3960002939887,46.672153898962215,20.012878651033294,23.12636775132596,70.70931052277798,6.439030336882396,92.35401083050017,maize,True
93.0,22.0,48.0,29.12533739,91.52291141,6.776987974,21.90440445,muskmelon,False
63.0,58.0,22.0,18.25405352,55.28220433,6.204747652999999,63.72358154,maize,False
102.27571288077985,85.26525889943738,49.08436566766067,27.957971659537936,81.85691081685363,6.01540737884875,105.72844772493676,banana,True
67.0,68.0,49.0,35.26824831,92.38282957,6.821774589,149.8488208,papaya,False
16.76082668934875,139.1955382888115,199.6334137898687,22.453742439960998,92.07658050656906,6.001240307755294,113.95265120015137,apple,True
16.23089110315102,20.81656514242527,8.660678379849386,20.62345511978676,93.34053305024167,7.267248449113138,109.4515767022754,orange,True
72.83534236242333,45.53340433472085,39.78760014176603,25.4860768827917,82.65294258689205,6.074917194523985,223.6992240386705,rice,True
24.279653735642214,13.864696537120672,8.430705530711812,16.30462937014841,91.05087391186213,6.758637377756294,107.10818292144961,orange,True
82.45657498259116,49.80787593380997,44.30363933755247,24.735508083855414,78.3783532784785,6.904391230869473,180.96817423183887,jute,True
34.0,35.0,21.0,28.44524991,82.67639542,6.684381357,58.18713162,mungbean,False
23.722526837298464,46.3893524497509,20.709665521649335,28.008377675191802,47.627855160125144,6.840068039070093,43.63171921629084,mothbeans,True
70.0,54.0,46.0,39.73149053,91.12220596,6.919342407,122.7628653,papaya,False
39.0,24.0,14.0,30.55472573,90.90343769,7.189259647,106.0711985,orange,False
14.0,58.0,17.0,30.53684308,59.96664731,4.605700542,33.48919022,mothbeans,False
40.092473997614135,68.3595712421102,19.31047694515475,29.700789940959442,63.60393332230783,7.105815705620962,66.32324435895885,blackgram,True
10.0,70.0,19.0,24.84918386,68.98088448,7.272427638,41.61080544,lentil,False
20.0,29.0,27.0,25.09897688,92.36099489,6.047044342,157.7592626,coconut,False
24.0,27.0,9.0,18.86883219,93.24688124,6.157135092000001,119.3936976,orange,False
123.0,44.0,21.0,25.78544484,75.00539324,7.6411165689999985,91.39578861,cotton,False
23.0,62.0,85.0,18.97424756,19.5161216,8.490127142,80.7108745,chickpea,False
29.0,67.0,21.0,29.79181107,63.38789228,6.621323612,63.02169909,blackgram,False
54.0,67.0,52.0,35.67667332,93.30641944,6.586107335,141.3381168,papaya,False
32.0,76.0,15.0,28.05153602,63.49802189,7.604110177000001,43.35795377,lentil,False
73.00853443867862,47.85449822066861,41.63939093221795,24.881498154116496,79.83294875059744,6.860249120782017,167.4675852420953,jute,True
76.02409280003498,48.03918358576477,40.957840390843884,24.42054968723686,79.74032851572018,6.2793716521484715,176.38894662005526,jute,True
102.0636970277096,25.76925368450282,28.078223266053246,24.83407213550471,57.01664705708858,6.547646924506544,160.1483620109465,coffee,True
46.441948096411586,72.24276515482813,80.25071609533764,18.580176103048405,17.27573213254882,7.125492140647237,80.05344540526042,chickpea,True
22.62129625800539,43.21063765226795,19.389996369204656,28.235302773583335,86.3580839982731,6.626695276194474,52.003702815872444,mungbean,True
10.834069355956299,49.44567982715507,21.15722860243575,28.70934929513295,85.18680770405045,6.804905710902275,49.0119034010126,mungbean,True
107.0,5.0,52.0,26.6634609,89.98405233,6.8814257460000015,57.40847165,watermelon,False
30.0,70.0,79.0,20.26942271,19.96978871,7.313122235,69.64449182,chickpea,False
67.0,45.0,38.0,22.72791041,82.17068809999998,7.300410836,260.8875056,rice,False
28.0,27.0,32.0,28.94099669,93.00109012,5.764615485,191.7723087,coconut,False
94.0,89.0,48.0,28.55980972,84.51602322,5.653437902,111.0843029,banana,False
7.0,56.0,18.0,18.31357543,24.32991649,5.698371311,76.14153904,kidneybeans,False
29.0,41.0,21.0,31.49398069,62.84916863,8.86979671,64.56807592,mothbeans,False
109.13942010608028,80.25006811987437,50.232457688676305,28.312052572909636,78.1105683647033,5.814514125616483,97.10245561944733,banana,True
72.0,41.0,36.0,24.09874353,80.57226761,6.187746776,176.8604109,jute,False
3.0,49.0,18.0,27.91095209,64.70930606,3.692863601,32.67891866,mothbeans,False
80.0,43.0,43.0,23.78756036,74.36794079,6.014572075,172.64426540000005,jute,False
32.697857362967696,66.41955542903504,17.530961414208015,30.932901802342734,67.9129693296632,6.91478757351616,66.13209998775322,blackgram,True
99.71513094345212,13.730892519139774,48.62131863505399,26.02785224540278,82.92633245543624,6.6455597562723865,50.301606691427445,watermelon,True
17.895890365318113,64.3171643534905,18.617512578463568,23.02295876302198,46.773673421135456,5.184062385706845,132.95573315661778,pigeonpeas,True
29.0,139.0,205.0,23.64142354,93.74461474,6.155939452999999,116.6912176,apple,False
17.0,136.0,195.0,41.20733624,81.61051026,6.389783283,65.90227462,grapes,False
68.0,62.0,50.0,33.20258348,92.76437927,6.977700268,197.5282582,papaya,False
32.0,20.0,35.0,26.52166434,98.38227669,5.588655387,144.6261698,coconut,False
32.0,73.0,81.0,20.45078582,15.40312102,5.988992796000002,92.68373702,chickpea,False
53.0,67.0,17.0,31.77681682,69.01852894,7.296972161,61.46892873,blackgram,False
24.0,18.0,6.0,26.56608303,94.45239715,6.285312759,116.3796525,orange,False
8.0,60.0,18.0,31.21629982,46.01868196,3.808429173,53.1205277,mothbeans,False
87.0,6.0,45.0,29.82729394,90.79007335,6.40077205,22.84203589,muskmelon,False
34.0,73.0,15.0,20.97195263,63.83179889,7.630424082999999,53.10207889,lentil,False
31.0,75.0,18.0,15.46789263,21.43780702,5.824208308999999,88.88796102,kidneybeans,False
16.0,6.0,29.0,29.28725038,91.95614918,5.868285082000001,132.1491176,coconut,False
21.758428687398624,44.30779331796471,19.599675923133493,27.905339168532997,50.62187392194491,5.699441938596762,41.48006589438212,mothbeans,True
11.0,143.0,197.0,22.98458907,93.3204487,5.875718516,122.1952483,apple,False
17.0,64.0,17.0,21.02213209,24.93896255,5.662699104,124.6118471,kidneybeans,False
83.0,58.0,23.0,19.74213321,59.66263104,6.381201909,65.50861389,maize,False
107.0,72.0,45.0,28.14938935,81.54448882,5.790768046,91.40508414,banana,False
35.0,38.0,19.0,25.32688786,63.18180319,9.112771682,32.71129281,mothbeans,False
17.0,58.0,25.0,31.12896766,43.58788762,6.455592696,32.76742894,mothbeans,False
64.0,53.0,38.0,26.24347471,78.51063754,6.855362875,183.4065252,jute,False
84.0,38.0,43.0,26.57421679,73.81994896,7.26158085,159.3223075,jute,False
1.0,76.0,19.0,24.18553163,46.68746847,6.6695294160000005,177.3377996,pigeonpeas,False
95.0,88.0,52.0,28.00316034,78.90085998,6.235461772000001,94.68180316,banana,False
59.0,70.0,84.0,17.3348681,18.74926979,7.550808267000001,82.61734721,chickpea,False
4.0,69.0,19.0,19.25100056,47.70351758,5.374358869,149.063196,pigeonpeas,False
87.0,14.0,48.0,29.69238699,92.58862544,6.606033244,29.1102594,muskmelon,False
19.343043471712296,24.01550062993567,41.4414628942541,20.748434080254956,91.08398749219407,6.586528925158292,106.36152301968751,pomegranate,True
29.0,63.0,17.0,30.02629908,67.88811637,7.26154329,66.47264636,blackgram,False
18.73798078188464,71.63729952620808,19.209325506291183,21.60757262040657,22.192912984085773,5.767176899478662,107.819574049218,kidneybeans,True
27.0,21.0,30.0,35.3915464,52.48823147,5.061081874,91.22881052,mango,False
26.0,35.0,31.0,33.44619894,53.05980465,5.339556562,98.05089394,mango,False
3.0,23.0,30.0,29.70143197,95.65754365,6.078807239,215.1968037,coconut,False
85.0,21.0,52.0,29.62800691,90.10051615,6.0751441160000015,23.69586761,muskmelon,False
37.88401353451185,66.96224911863413,20.220752885980044,27.64873847895103,65.3484350054318,7.061221226350729,71.7499726711999,blackgram,True
67.0,43.0,39.0,26.04371967,84.96907151,5.9999690260000005,186.7536773,rice,False
95.37556437878382,20.220311300197594,46.62516037491918,25.73912813243832,87.55438879610577,6.698392451987328,51.92971818698613,watermelon,True
45.02745856895198,72.82763183848354,18.508583196446697,29.402792664554536,65.55787087217814,7.08817446363874,69.87593581877498,blackgram,True
89.0,45.0,36.0,21.32504158,80.47476396,6.442475375,185.4974732,rice,False
20.215798677284244,132.49724683612803,199.75763306690038,21.932889190711098,91.27803921221647,5.751805081549968,109.11306445130339,apple,True
17.0,16.0,14.0,16.39624284,92.18151927,6.625538653,102.944161,orange,False
81.0,25.0,49.0,29.86895762,93.25103208,6.076459669,26.26243014,muskmelon,False
75.0,56.0,44.0,25.2746335,73.7459581,6.109478059,168.0432282,jute,False
23.96544577575711,45.4890538703805,19.49302845879581,28.18741024405037,84.08174827526345,6.574305414813434,46.204188113744756,mungbean,True
97.82180159706765,23.801641369939514,48.93087166189342,28.370195578816954,92.24467268164024,6.40671304981172,24.07709826370042,muskmelon,True
8.0,23.0,38.0,19.30106297,87.1775172,7.005410734,105.4766591,pomegranate,False
19.079498649398403,13.213464446807057,10.117742441391075,20.485825265804277,91.49441923819332,6.549340024516681,109.44986714562782,orange,True
14.0,76.0,20.0,29.05941162,62.10652364,7.042474679,36.5011366,lentil,False
82.0,75.0,55.0,27.34585147,78.48738349999998,6.281069505,92.15524332,banana,False
84.0,44.0,21.0,21.869274,61.91044947,5.850439831,107.2681929,maize,False
42.90512204676418,62.05093114071939,80.294273351399,19.30310320203252,17.18091021095984,7.590105274853736,74.48097466325513,chickpea,True
28.0,79.0,16.0,24.70626432,60.26854183,6.0521848810000005,53.12442925,lentil,False
96.18700003616674,14.44722245316683,46.85650887031481,26.138861554047065,84.21184906500456,6.383007989283209,47.32476830150646,watermelon,True
20.0,29.0,10.0,29.07412717,93.27189064,7.36549204,100.7896871,orange,False
19.451962036572976,68.92357135460503,22.478692307005293,20.776233375344056,19.68357534982769,5.782375132594012,122.01566708329925,kidneybeans,True
0.0,145.0,205.0,21.22503442,90.09877774,5.52078314,113.9760462,apple,False
40.161443145614705,53.22233856906362,50.69772446614604,31.170780252943896,92.61790422859067,6.7989777364799675,101.70533257447116,papaya,True
133.0,57.0,19.0,23.54234715,75.98203329,7.947011366,84.12536744,cotton,False
6.0,124.0,200.0,22.98208095,93.84505029,5.971332179,109.5852253,apple,False
19.21071812169752,53.16999320869558,20.30871592490353,29.774314153057066,54.05815575271359,7.6256031734419665,56.14250078499521,mothbeans,True
16.0,77.0,22.0,31.48469278,35.6395615,6.574209678,100.546816,pigeonpeas,False
100.0,35.0,36.0,25.31042337,72.01364411,6.346715209,190.5577618,jute,False
77.0,36.0,37.0,26.88444878,81.46033732,6.136131869,194.5766559,rice,False
14.333414698899617,21.00362982397575,40.144111447272174,22.02146438303665,90.63009291578311,6.145427418728944,106.2338160511253,pomegranate,True
83.0,94.0,47.0,27.39872329,81.10523402,6.469370954,112.1355384,banana,False
21.0,21.0,38.0,22.5526059,89.32594859999998,6.327673765,104.8955643,pomegranate,False
22.9653620219058,13.878515628323981,13.86250831568973,26.017314392775297,93.10302819248203,7.246115068395092,115.77149926842884,orange,True
105.21612616747194,88.27353862587262,48.4091906753445,26.742824256746772,82.23188125774301,5.957999571234966,111.22364210844842,banana,True
13.118138177404273,44.10860832041113,18.890845650759836,28.052837905422486,86.12716451569703,6.895418410120872,45.17216350015653,mungbean,True
32.0,79.0,15.0,23.90910104,20.74619325,5.706198621,81.60211243,kidneybeans,False
5.0,21.0,38.0,22.43377991,90.3396556,6.107054807999999,112.459697,pomegranate,False
0.0,19.0,33.0,27.1326009,95.23797989,6.234458417000001,204.7206567,coconut,False
77.0,48.0,36.0,25.86705009,84.09985284,7.36008498,154.83908469999997,jute,False
36.0,66.0,15.0,30.08545364,69.34811988,6.668238556,67.1367443,blackgram,False
103.0,40.0,30.0,27.30901814,55.196224,6.3483162570000005,141.48316440000005,coffee,False
8.0,45.0,18.0,27.93034941,85.42058715,7.011030515,43.25095608,mungbean,False
13.259833356318461,68.08209194429742,18.74041867964847,22.61886958404931,64.15650014495282,6.797614757676627,43.788204392183374,lentil,True
32.0,138.0,197.0,9.535585543,80.73112694,5.908724337000001,69.44115171,grapes,False
26.0,65.0,22.0,17.84806561,18.77621951,5.9499490810000015,143.09841709999995,kidneybeans,False
28.0,74.0,81.0,18.01272266,18.30968112,8.753795334,81.98568791,chickpea,False
30.0,137.0,200.0,22.91430043,90.70475565,5.603413172000001,118.6044645,apple,False
35.885650698718706,69.43097504784531,19.53964016376993,28.028246020343992,65.02331011839017,7.1827601565481105,66.00190615790842,blackgram,True
102.99045197359682,16.392041301627454,49.43412448549796,25.66868648199284,84.42739605291118,6.196928228396539,53.4916361842146,watermelon,True
83.77550093175807,47.87161968802568,38.83430027150548,24.445246560674814,75.10282611130155,6.797661833345347,172.119496924139,jute,True
28.0,67.0,21.0,21.79792649,63.73086065,6.250994222999999,46.62370222,lentil,False
34.0,68.0,51.0,27.34734861,94.17756725,6.687088097999999,40.35153141,papaya,False
11.0,18.0,42.0,21.57936934,94.88267728,5.938528744,102.8593382,pomegranate,False
45.0,58.0,49.0,30.10773379,90.34546355,6.827812549,75.24521981,papaya,False
100.52138069335508,80.886552275202,49.8749707784259,27.19684122505185,80.5721281829099,6.183022708483043,92.5660604345079,banana,True
91.0,55.0,15.0,18.09300227,72.61024172,6.376651091,78.96159541,maize,False
105.51503249605594,49.066417743630886,21.496244207334186,24.35496442080596,78.50159941349202,7.123967147537038,85.23069686254884,cotton,True
87.0,44.0,43.0,23.87484465,86.79261344,6.718725189,177.5147313,jute,False
39.0,132.0,196.0,35.83089092,83.32560104,5.778594403,73.67984885,grapes,False
39.0,57.0,19.0,29.32379604,45.93248374,6.421748487,165.4113371,pigeonpeas,False
16.0,15.0,42.0,19.67832052,89.08935702,6.890784045,108.5468633,pomegranate,False
76.4626223208779,49.55083252098556,19.062348662024885,23.13132424914279,63.5039704685161,6.373197761460283,88.20467575649366,maize,True
31.0,76.0,82.0,20.8248451,17.85057083,7.599279991,79.20509212,chickpea,False
40.0,18.0,43.0,19.38603815,86.79058496,5.767372539,109.91309840000002,pomegranate,False
5.0,144.0,205.0,21.42177231,92.62665309,6.184922574,102.8045658,apple,False
70.0,43.0,40.0,24.35564134,88.80391021,6.176860192,169.11680280000004,jute,False
32.0,68.0,52.0,32.68067385,92.61715632,6.800321319,248.8592986,papaya,False
2.0,56.0,23.0,26.65333029,59.79023382,7.550090941,36.91852635,mothbeans,False
88.0,17.0,52.0,29.90415889,90.75284363,6.646962425,25.37828397,muskmelon,False
40.0,30.0,35.0,20.89273273,91.07776977,6.269663962999999,104.4407083,pomegranate,False
18.0,30.0,29.0,26.762749300000007,92.86056895,6.4200187170000005,224.5903664,coconut,False
90.0,23.0,54.0,28.55852465,90.45773041,6.159020864,27.26588346,muskmelon,False
11.0,40.0,23.0,29.61253065,63.04749127,5.80428611,50.1978269,mothbeans,False
31.0,5.0,14.0,17.66545409,91.69865887,6.583411671,110.6857506,orange,False
98.07399501885165,17.549629077445406,49.07535827612995,25.77829157099885,87.3069994283177,6.310937917222296,47.476796939439126,watermelon,True
98.0,25.0,52.0,25.2801372,83.15393658,6.224066378,49.29456609,watermelon,False
108.0,89.0,53.0,29.55054817,78.06762846,5.808497603999999,99.34482238,banana,False
23.0,39.0,22.0,29.25649321,81.97952224,6.86483915,42.02483277,mungbean,False
16.76592439180989,67.43878182167548,20.205102726003847,36.30453709458678,42.15645370663749,5.889228770641151,159.62572493714794,pigeonpeas,True
10.0,79.0,20.0,24.98287462,66.895409,6.379881442,38.21370568,lentil,False
28.0,59.0,22.0,30.90607799,52.79913039,7.05181629,170.99198280000005,pigeonpeas,False
39.0,64.0,52.0,28.91842453,94.63676767,6.678695788,63.68794608,papaya,False
21.681742547175574,54.73159469111315,19.478880012999362,27.668043422226457,58.57677624515088,6.482214861161284,56.16387391892255,mothbeans,True
43.42690351886601,63.77169762682735,19.615042970399614,28.061009941469912,65.74290309850804,6.983709171617723,65.20076040893065,blackgram,True
41.782439145645064,67.84243440993792,80.46895046677018,19.121417335346443,15.202416503823066,7.603961237425003,76.15822427675505,chickpea,True
24.719126437607283,47.489068908083546,19.74435015594291,28.007555914668405,48.32456753774808,6.749306504293808,53.23381697712691,mothbeans,True
111.82737895253868,20.380526857031747,49.83672672424162,25.944021162459187,87.68226944992807,6.776957199301258,54.26796844145213,watermelon,True
25.039219669369825,20.86582262188933,32.19309786005323,32.25242193541517,50.10294912399767,5.993341043827505,93.42668241603225,mango,True
20.87927717675688,49.532170796042294,20.63772472505028,27.85809250048516,51.31785423615737,6.602592203729801,59.096488550968644,mothbeans,True
39.0,139.0,201.0,41.18664903,81.01783402,5.5399808120000005,68.68895899,grapes,False
30.0,65.0,82.0,20.71424384,15.27824066,7.103798069,76.77888672,chickpea,False
9.0,59.0,25.0,30.39321309,60.16299493,7.699200949,35.37493212,mothbeans,False
35.0,125.0,204.0,19.6491772,80.15215777,6.107741787999999,73.69529586,grapes,False
29.0,121.0,196.0,22.84852833,94.32130209,6.079497202000001,123.5977843,apple,False
113.0,37.0,20.0,25.03300222,79.04368718,7.393441155,97.10087029,cotton,False
31.05437865760542,130.20365713781925,199.48273200118905,22.952528335356977,92.65044711938629,5.879082807973599,112.17950799405001,apple,True
99.03121463622603,11.934472788053334,48.02491459135365,25.92185592887723,85.07205242470255,6.619157025522003,49.22080119473421,watermelon,True
41.62129928876602,65.66803383719156,18.23882836358739,30.391676485285114,64.5559723768612,7.1794201308370305,68.4557193645724,blackgram,True
110.0,14.0,51.0,27.02415146,91.66737633,6.085444691,21.26034986,muskmelon,False
24.0,70.0,21.0,19.14729038,45.3733757,5.517208078,132.7748215,pigeonpeas,False
36.0,57.0,16.0,28.61409059,57.14218792,8.292875733999999,57.02891698,mothbeans,False
95.0,75.0,45.0,28.98333432,82.95958244,5.829898502000001,109.022564,banana,False
81.50681983996823,49.96208796932849,18.338288464319497,20.382310238021716,63.152365178328616,6.36175511782121,90.13153015200477,maize,True
25.21220569070967,65.25739423528361,19.44161530649541,17.701628018209956,20.869572864561047,5.748861125729653,118.06650446885838,kidneybeans,True
35.0,67.0,49.0,41.31330062,91.1508798,6.617066674,239.7427554,papaya,False
84.0,57.0,25.0,22.53510514,67.99257471,6.489040367,64.40866039,maize,False
102.97906144037907,27.821848693305572,29.87087751270939,25.59952940566247,56.89036365128571,6.901292494668079,195.507177871321,coffee,True
65.0,54.0,39.0,23.75091572,71.14782585,7.124571593,160.0889553,jute,False
9.0,76.0,25.0,28.88302142,50.12323801,5.70951224,179.2155874,pigeonpeas,False
27.296931646495896,65.4712063141317,21.120911437184013,25.852281433552292,37.94284009471878,5.845365175305362,141.69136535717303,pigeonpeas,True
88.0,52.0,39.0,23.92887902,88.07112278,6.880204617,154.6608736,jute,False
20.0,20.0,10.0,11.86631922,93.68394562,6.976997772000001,106.060149,orange,False
89.0,22.0,52.0,24.89681131,86.10782926,6.217300786,53.14626213,watermelon,False
19.0,36.0,22.0,25.44689075,58.55363573,6.16496284,57.04826619,mothbeans,False
45.80256384959006,71.03675253760802,80.2651250297735,19.391315327902177,17.28053046298677,7.817755378148513,81.20836246824815,chickpea,True
29.0,132.0,204.0,23.08950736,90.22507299,6.0967531,108.2166601,apple,False
11.70871831971806,43.88716372919819,20.86606269685183,30.033619798155737,54.262218103537094,7.355240641803493,51.3190593183536,mothbeans,True
23.0,58.0,19.0,24.17093241,58.25204566,5.243634848999999,59.18953429,mothbeans,False
35.0,69.0,23.0,16.78791503,24.96881755,5.578410206,75.45328039,kidneybeans,False
90.0,44.0,38.0,23.83509503,83.88387074,7.473134377,241.20135130000003,rice,False
101.0,31.0,26.0,26.70897548,69.71184111,6.861235184,158.86088869999998,coffee,False
20.592939722775757,70.83929667324038,17.879611357411505,24.524284511003934,64.63413657292843,7.433846558539759,51.100770517296255,lentil,True
18.0,20.0,26.0,31.66524687,51.98594645,5.435840509,89.98024312,mango,False
33.0,143.0,204.0,21.1316077,91.95769858,5.814434775,122.5391946,apple,False
6.0,128.0,200.0,25.96308415,82.57813624,5.838748311,70.31782647,grapes,False
7.0,11.0,32.0,29.25902906,95.11294697,5.542169138999999,184.7624496,coconut,False
30.0,127.0,204.0,22.50050273,92.45878335,6.126436584,100.9343903,apple,False
18.0,125.0,204.0,22.35548159,94.47811755,6.046673619,116.7366261,apple,False
18.61761352439835,61.41091941274271,20.22663266281103,21.51756659964118,20.30757619144022,5.795790797537563,110.2482838609336,kidneybeans,True
20.0,45.0,17.0,28.17458662,83.69659318,6.770955317,37.2464655,mungbean,False
19.909623219412452,72.66213040471459,22.32423812712501,19.053428125054708,21.55937283555193,5.755956858019502,93.04373023668708,kidneybeans,True
34.0,60.0,23.0,20.12574053,24.96969858,5.659254981,100.0497183,kidneybeans,False
100.0,24.0,28.0,25.59535262,57.72920846,7.101661011,195.7733251,coffee,False
101.87580950125188,32.832973266844824,29.918220700002575,23.84218756912674,58.312962541754395,6.75635390076382,184.9947286343358,coffee,True
17.475648809199726,134.0814776157265,200.7420014079165,18.23195774495301,81.96848301257126,6.178411049492611,70.75869493409516,grapes,True
24.6161193628475,132.61402330568345,199.88149547158957,22.56332579866773,92.57956772148003,6.118921094279448,112.97649091017135,apple,True
35.0,18.0,26.0,31.99490489,50.84881347,5.279388967,97.38741498,mango,False
126.0,38.0,23.0,25.36243778,83.63276077,6.176716425,88.43618918,cotton,False
91.7115156693876,85.33156510895127,49.4943668336008,27.333001714408553,78.88117928537996,5.938632926673187,110.73598717650434,banana,True
41.08936690839458,60.53026012383052,50.64394533913286,34.5870183769599,92.05212785361108,6.80239045516159,92.38667657473526,papaya,True
41.62079272308294,54.819108909037226,48.427574224544436,32.332498765912256,93.06884452263688,6.7840560301234225,159.46739339169702,papaya,True
80.0,16.0,46.0,25.50405534,81.40297428,6.940236218,48.47833278,watermelon,False
81.96283110411272,21.61426458977715,47.24372002713154,25.950241304681622,83.84677926650244,6.64336936218077,59.75980023,watermelon,True
5.0,55.0,18.0,33.50876355,45.70976142,7.322097972000001,126.6738117,pigeonpeas,False
4.0,20.0,41.0,24.26601316,93.7974061,6.537042717,104.5375109,pomegranate,False
18.0,26.0,31.0,32.611261400000004,47.74916499,5.418475257000001,91.10190759,mango,False
16.0,145.0,199.0,26.91624843,80.76838926,5.953966361,69.30927185,grapes,False
25.761455554154416,64.51400905322447,17.99278563557867,26.85668695660563,63.77013817027955,6.963488585905134,67.46342157443038,blackgram,True
95.0,39.0,36.0,23.86330467,83.15250801,5.561398642,285.2493645,rice,False
15.0,6.0,41.0,19.0087067,88.83768149,6.8973684770000006,108.6793978,pomegranate,False
25.28004924074738,19.66166144176713,9.766057044264647,21.705074745141495,90.9266579119608,6.7125893786357445,111.38501850330013,orange,True
18.0,9.0,40.0,19.44623085,89.02127045,5.627186257000001,106.1606833,pomegranate,False
102.0,49.0,21.0,24.69315538,84.84422454,6.253343655,89.799462,cotton,False
79.68348312265111,41.94101862399284,39.012144570982095,23.405369376084714,82.26481417659954,6.60985419583431,260.8553687629655,rice,True
82.0,18.0,48.0,29.09588297,94.16748386,6.1590508160000015,26.70581328,muskmelon,False
28.0,145.0,202.0,19.2077707,82.90428409999998,6.484323189,66.83113717,grapes,False
63.0,44.0,41.0,24.17298839,83.7287574,5.583370042,257.0343554,rice,False
85.0,21.0,47.0,29.87331077,90.60932469,6.186770318,24.69720481,muskmelon,False
23.292589046355157,76.14452878155093,21.042609758833983,22.030206778757467,21.803574413372754,5.744094215634617,110.89753945072052,kidneybeans,True
96.0,54.0,22.0,25.70196694,61.33450447,6.960358276,83.20711308,maize,False
110.0,28.0,46.0,24.29105004,88.04541346,6.49889585,51.26046418,watermelon,False
57.0,60.0,17.0,26.23773129,67.88521396,7.504608385,73.58663968,blackgram,False
16.46817702501239,52.01989447623022,19.994699068101546,27.92953582105665,88.85861725049004,6.7198099602699735,49.771294452433004,mungbean,True
13.37472199410189,62.304848133687145,20.626635526843373,29.236983046318844,53.0137921765392,6.0005545243258425,158.22509677662052,pigeonpeas,True
17.0,136.0,196.0,23.87192332,90.49939035,5.882155987999999,103.0548094,apple,False
89.0,53.0,44.0,24.88692811,71.91711523,7.319735475,150.2498675,jute,False
10.0,59.0,22.0,28.60901145,86.99495766,7.1556850160000005,36.94616965,mungbean,False
12.615731627207898,54.292158519559116,20.092356080438417,27.47964051968764,52.2021865716232,5.455680261254763,60.98275906693924,mothbeans,True
81.0,36.0,38.0,23.76554749,87.98329901,6.334837865,150.31661519999997,jute,False
38.0,141.0,198.0,13.05809741,80.28297993,5.757009965,70.75633584,grapes,False
113.0,30.0,50.0,26.03967219,83.9862443,6.277484042999999,43.87712348,watermelon,False
26.0,52.0,23.0,29.98835437,49.60384796,4.931890506,52.92929636,mothbeans,False
34.0,60.0,22.0,17.66148158,18.15302753,5.635231778,100.6711761,kidneybeans,False
70.0,68.0,55.0,42.84609252,94.63548176,6.691202286,78.80996390000001,papaya,False
7.0,73.0,25.0,27.52185591,63.13215259,7.28805662,45.20841071,lentil,False
109.01587687025989,17.234301006610103,51.28108245898782,28.339206360393806,92.21874693754559,6.258457314222611,26.404281492373745,muskmelon,True
40.0,68.0,17.0,34.1262979,65.14877461,7.733149554,70.40795007,blackgram,False
63.0,35.0,16.0,22.02720976,65.35549924,6.272417541,83.73280082,maize,False
48.791822841865866,54.06221926627075,51.57180083510848,25.147240375588098,92.08636892641263,6.695749069160033,147.39894514083528,papaya,True
40.0,65.0,49.0,35.32876402,91.06138506,6.678449317999999,163.9069365,papaya,False
23.65315172919051,69.37529541659693,17.40586360020835,23.99157750749035,63.70968673351319,7.166773056715881,48.99879545021884,lentil,True
83.0,58.0,45.0,25.75528612,83.51827127,5.875345751,245.6626799,rice,False
24.0,70.0,16.0,25.17885316,68.93307305,6.54803469,35.03484812,lentil,False
107.0,31.0,31.0,23.17124551,52.97841162,6.766184468,153.12016440000005,coffee,False
18.78728226075733,17.580495128505255,39.82971330423273,22.932719838783147,91.85647712502528,6.265216708830579,106.56054807987228,pomegranate,True
28.0,10.0,30.0,29.8690834,91.14723422,6.305740522000001,192.7678575,coconut,False
100.0,80.0,52.0,27.53911354,77.25629897,6.049801781,110.3262123,banana,False
11.351404077067098,69.43197386411059,17.445519294438448,19.974404477965013,21.13545124014792,5.59801703063307,110.99893257198936,kidneybeans,True
2.0,123.0,205.0,22.36629253,90.78572467,5.739652177000001,124.9831618,apple,False
94.06610990478539,15.022230846029187,51.43800599160182,28.506908205442226,92.00575633253138,6.585083607687008,25.17881741579627,muskmelon,True
54.0,65.0,47.0,27.92765919,91.55594211,6.721835879,149.91075569999995,papaya,False
108.0,72.0,46.0,25.16278237,84.97849241,6.110844721,90.94554618,banana,False
65.0,60.0,43.0,21.97199397,81.89918197,5.658169482000001,227.3637009,rice,False
27.128378927842498,134.83473089921952,202.14648520048132,37.545276623439825,80.86925288356947,5.91582057470664,68.70242871250842,grapes,True
59.0,69.0,80.0,19.07937684,17.86754927,8.165359297,69.40619137,chickpea,False
32.0,43.0,22.0,31.99928579,54.1077461,5.270749441,71.6266696,mothbeans,False
37.0,79.0,19.0,27.54384835,69.3478631,7.143942758,69.40878198,blackgram,False
25.25281169461327,129.4463744663391,201.21621810471055,20.22747498654912,81.56827301822402,5.885162326318594,71.53218181554011,grapes,True
39.0,71.0,84.0,20.28155898,16.39535215,8.140825437,82.52339655,chickpea,False
9.0,60.0,21.0,29.94413861,67.31323084,7.52178027,40.37113729,lentil,False
20.480969865928987,141.41517835404446,200.1063124168533,23.03750347704769,91.96925883125999,5.770328530404362,109.2271741437632,apple,True
108.51534896945537,23.31002197426726,50.80009606414808,26.425741755974318,85.09689542415406,6.629917479681268,49.462531711500034,watermelon,True
42.56895228057824,73.85210297166671,80.13369875941002,18.28655681758409,16.766513901907683,7.322692266217949,74.6379845954199,chickpea,True
112.0,25.0,51.0,25.04746944,85.5667282,6.932537231,56.72496677,watermelon,False
22.30412730043614,60.295287273068396,21.660499251466288,19.408283262006975,23.134746866390138,5.743032851965076,108.59236502341226,kidneybeans,True
40.0,121.0,199.0,26.18159716,81.03886263,6.315586313,66.05911698,grapes,False
32.75990913077053,68.84120020953998,20.96536124425819,23.911659783216855,48.055219404623884,6.0055825573355825,145.28879066507616,pigeonpeas,True
19.0,15.0,34.0,26.29644905,99.65809151,5.6858890660000005,215.9195049,coconut,False
36.0,144.0,196.0,23.65167552,94.50528753,6.496934492,115.3611268,apple,False
0.0,18.0,14.0,29.77149434,92.00719952,7.207991261,114.41617859999998,orange,False
50.0,47.0,48.0,24.63676897,90.61964344,6.712772332999999,218.2299187,papaya,False
44.0,75.0,22.0,30.0328403,64.14800537,7.574561547,71.21006868,blackgram,False
24.07740295305875,11.81873029000598,8.404224837886566,16.34644819915297,92.78983128696406,7.089090735460421,111.91930755173564,orange,True
81.0,30.0,31.0,24.65090184,51.93952357,7.027585558999999,135.1386537,coffee,False
12.394331632632404,44.0558955884678,18.644150244174284,26.54136105117064,57.890844989397735,9.086670346722581,47.92754708162444,mothbeans,True
102.0,73.0,52.0,27.9122104,83.36307683,6.356090905,90.24211529,banana,False
1.0,8.0,26.0,27.5136304,94.18955816,5.562911913,156.6732553,coconut,False
21.336771996224538,135.14885104108566,204.07010281110712,23.407396329299413,91.71113340951074,5.8910197006423,107.4573756953943,apple,True
83.0,9.0,45.0,25.85483596,89.13163965,6.049609892,46.85176955,watermelon,False
105.0,18.0,35.0,23.52648086,68.44030686,6.743417121,171.8839938,coffee,False
60.0,55.0,36.0,26.12797248,80.49172597,7.132389299,150.6326874,jute,False
9.0,17.0,32.0,25.94951662,93.40548703,5.842317989,172.0540491,coconut,False
35.0,66.0,47.0,31.7018373,91.66232213,6.953439161,48.83810592,papaya,False
131.0,56.0,20.0,22.00817088,81.83896111,7.762647875,92.23645249,cotton,False
8.0,15.0,33.0,28.97318719,98.09861043,5.50158009,213.9011021,coconut,False
18.813951953171628,66.39683601301927,17.239593015230078,25.804019925883775,65.90979814748374,7.159494890305206,41.34099693105996,lentil,True
22.0,11.0,29.0,28.03380598,95.01630593,5.955742971,218.0055713,coconut,False
2.0,24.0,34.0,28.89409382,54.80750249,6.472774648,94.76322976,mango,False
13.0,30.0,37.0,20.86474944,91.61793636,6.277148771,106.8685636,pomegranate,False
8.761527238651654,18.62431866795705,42.17518297143044,22.015389506036012,89.84339966612983,6.215280286691202,110.0731074772683,pomegranate,True
70.0,65.0,52.0,30.42012134,93.12659793,6.583528529,75.95295,papaya,False
27.0,63.0,19.0,20.93409877,21.1893007,5.562201934,133.1914419,kidneybeans,False
20.0,50.0,22.0,30.99694676,46.42693735,9.406887533,38.31597852,mothbeans,False
22.0,26.0,38.0,22.92052307,85.12912161,6.988035315,110.2437841,pomegranate,False
44.0,58.0,18.0,28.03644051,65.06601664,6.814410927999999,72.49507741,blackgram,False
26.0,73.0,21.0,31.33170829,57.97429171,4.946263888,161.7820226,pigeonpeas,False
39.0,76.0,76.0,19.96837462,15.57324389,8.135900726000001,69.15759062,chickpea,False
96.0,46.0,22.0,20.58314011,69.00128641,6.499936446,66.29390357,maize,False
37.0,64.0,22.0,17.48189735,18.8251973,5.954665349,121.9401369,kidneybeans,False
89.0,28.0,33.0,26.44414097,53.83876189,6.9932360010000005,175.3723314,coffee,False
15.0,36.0,27.0,27.78912455,53.96886679,5.6437102160000014,91.01152997,mango,False
98.0,7.0,45.0,27.79161808,92.51054946,6.157724816,26.85422624,muskmelon,False
60.0,55.0,44.0,23.00445915,82.3207629,7.840207144,263.9642476,rice,False
24.0,45.0,19.0,26.85851927,48.8246387,5.9523849570000005,34.7426459,mothbeans,False
27.972961007724848,21.23479742485611,30.86596122439715,28.076886053898516,95.2104792487794,5.895811759431752,185.9697907919051,coconut,True
7.0,79.0,23.0,19.6365349,19.68751084,5.821649914,96.65888933,kidneybeans,False
13.062074970330492,47.36384027390692,17.700815799752615,27.028842732044396,56.09535710155902,6.784708099623524,49.00452456175732,mothbeans,True
7.0,17.0,10.0,10.16431299,91.22320999,6.465913274,106.362551,orange,False
0.0,17.0,42.0,23.20242586,91.19442671,6.8598408210000015,109.0946323,pomegranate,False
29.0,75.0,75.0,19.62416326,18.71483156,7.064790365,88.4585692,chickpea,False
27.0,69.0,22.0,17.91652287,24.90814655,5.932323085,69.14681022,kidneybeans,False
117.0,51.0,15.0,22.9535715,78.71555832,6.044556594,99.75336197,cotton,False
84.0,29.0,49.0,29.94349168,93.90741192,6.251420275,20.39020503,muskmelon,False
34.0,71.0,79.0,17.927806,15.85622899,7.728998197,74.63872762,chickpea,False
4.0,44.0,19.0,27.95639663,83.52706038,6.921993877999999,43.25726752,mungbean,False
100.52756961368544,16.246876375089812,50.13747354878097,26.14630006913736,85.16585291942309,6.440198303743675,49.13023539710571,watermelon,True
35.0,66.0,81.0,19.37101121,15.77458129,6.138243973,85.24819851,chickpea,False
46.30079406276495,61.72500088656808,49.03266987106382,32.30647751386033,92.22899233144727,6.836030040121508,81.7778174874131,papaya,True
31.0,56.0,23.0,31.46846241,35.39454002,5.661826398,174.5723999,pigeonpeas,False
24.34648066145519,11.599021878759263,40.122701198299005,21.36425703405509,89.93642184090719,6.305894447766474,107.72767735437064,pomegranate,True
119.0,44.0,15.0,22.14593688,82.85975490000001,7.091992365,60.65381719,cotton,False
112.75108577854887,50.99276578015751,17.42030919214455,24.899904537063563,79.792683873661,6.548310576355581,76.59453512849292,cotton,True
52.0,51.0,53.0,38.38231475,93.10378595,6.985804083,210.2735346,papaya,False
24.72199749060316,67.79102656621207,21.53360145687679,26.781385358106615,65.16202870038646,6.702213135973988,50.11748061938132,lentil,True
15.60324281784592,14.431697296445309,12.545364420719906,12.440847569321464,91.45307935222604,7.80400694417257,112.1640421252929,orange,True
78.28684983398557,49.31301998681896,40.37333917715312,23.300688682527003,81.33009540711538,6.481676550122821,232.67872687128565,rice,True
24.81365279693002,70.84090860793421,18.972809784561086,18.01338305722191,21.02720206362185,5.813969971405935,98.84354141349306,kidneybeans,True
106.0,49.0,24.0,23.03887865,76.47039772,6.983395572999999,90.64770699,cotton,False
43.0,79.0,79.0,19.40751744,18.98030507,7.8067476560000015,80.25064637,chickpea,False
16.0,80.0,20.0,31.24021696,56.67369054,7.3393209289999986,122.0146733,pigeonpeas,False
29.0,44.0,20.0,30.04132304,63.56222995,8.620107545,31.83192392,mothbeans,False
39.0,16.0,27.0,35.53845018,52.94641947,4.934964765,91.54560427,mango,False
56.0,75.0,15.0,30.20157245,60.06534859,7.152272256,66.37171179,blackgram,False
28.0,58.0,24.0,19.72702528,18.28173015,5.748190462999999,143.7630894,kidneybeans,False
105.0,56.0,15.0,25.96779712,81.97904282,7.272316208999999,74.14169043,cotton,False
10.0,56.0,18.0,27.99627907,68.6428593,7.32710972,46.10585191,lentil,False
33.0,29.0,34.0,31.40948821,49.21729127,6.832979508999999,92.99739415,mango,False
98.0,26.0,49.0,27.29035669,90.53330091,6.130160472999999,23.49535234,muskmelon,False
15.509063234318878,18.810964919969585,42.35865485642208,22.72864367139978,91.24995410910758,6.898265350611081,106.50945767187102,pomegranate,True
60.0,48.0,39.0,24.28209415,80.30025587,7.042299068999999,231.0863347,rice,False
89.0,40.0,43.0,26.24532085,72.97198375,7.124050134,189.9711184,jute,False
25.0,71.0,24.0,28.49538735,60.44848407,7.187721817999999,74.91559514,blackgram,False
85.0,9.0,53.0,28.20619412,92.86798698,6.447662945,28.78654515,muskmelon,False
19.120458776074436,28.73019149306555,29.507525291713538,30.347514026606106,52.36915752399464,6.135423036690204,93.43441215066355,mango,True
8.0,28.0,38.0,23.22594,94.42971362,6.8444019,105.6917856,pomegranate,False
19.841779140266944,12.127910617159792,27.72910567398696,27.328909721797697,93.50399243224855,5.964359243423271,152.10574629491285,coconut,True
28.0,123.0,202.0,22.76643029,92.12438519,6.442289294,120.4359949,apple,False
17.1867547998045,71.91696486455002,20.70749994810523,22.878598617914644,63.54910237971616,6.957784747822293,50.542082022082546,lentil,True
10.0,125.0,196.0,22.31253665,90.03577124,5.730557448,113.0688155,apple,False
27.080095090781576,127.71270923391081,203.01183884735357,27.057473194796476,81.86922653999704,6.263090333753175,69.84693321912242,grapes,True
37.0,74.0,15.0,24.92360104,18.22590825,5.582178402,62.7089169,kidneybeans,False
32.0,13.0,42.0,23.50128217,92.97527546,5.786058032000001,106.61905,pomegranate,False
60.0,57.0,24.0,18.66116213,61.55327249,6.1212940410000005,75.03247667,maize,False
39.0,25.0,36.0,18.90223032,94.99897537,5.567805185,107.6103211,pomegranate,False
98.58295743637392,82.26587993975599,48.87045036427049,28.083538875799057,78.70526846573173,6.089764674930876,103.73109682273903,banana,True
40.0,24.0,25.0,28.70595247,50.44030129,5.445008416,95.8946444,mango,False
30.11167357522033,21.521006561116625,40.67569919564724,21.7654394140728,89.24382481715129,6.447797943298627,108.82752530273932,pomegranate,True
50.0,60.0,47.0,32.57720726,92.74889453,6.92791761,93.7942847,papaya,False
36.0,25.0,33.0,27.98392787,53.33018851,5.548584852,99.61465679,mango,False
78.0,37.0,22.0,25.34217103,63.31801994,6.330554389,74.52082026,maize,False
24.0,53.0,17.0,28.95451232,89.07866095,6.421271178,57.65901369,mungbean,False
59.0,47.0,53.0,32.86316618,91.4618874,6.8506632320000005,47.271547,papaya,False
31.0,36.0,29.0,33.93679864,52.72170281,6.460542749,97.4611918,mango,False
12.0,27.0,26.0,29.09382275,45.5661059,5.32307197,96.23520043,mango,False
109.81394516119806,45.543512944892754,18.26082135263633,24.052187205423866,79.25062303203356,7.375963630412066,83.24296637263411,cotton,True
100.7416365101745,78.79006191226061,49.04469347692236,26.319429463742132,79.11230132896722,5.935444601853002,108.40308650355074,banana,True
21.0,38.0,21.0,29.75538903,86.45193297,6.637677489,37.54602719,mungbean,False
9.0,139.0,199.0,23.25230817,94.54128292,5.867420996,105.3558408,apple,False
111.0,15.0,54.0,27.7058373,92.91185695,6.194090172,22.06207161,muskmelon,False
40.0,59.0,23.0,36.89163721,62.73178224,5.269084669,163.7266551,pigeonpeas,False
32.0,25.0,35.0,18.09903225,85.70786282,5.892913826,107.0050976,pomegranate,False
8.0,25.0,36.0,19.91330523,94.95031368,6.828522375,104.0277061,pomegranate,False
5.0,59.0,15.0,18.87492997,20.18238348,5.97229163,134.1811718,kidneybeans,False
98.0,27.0,27.0,24.71384065,51.29142534,7.238109556,197.6439711,coffee,False
21.823765992727317,140.6466366782485,200.1556557262084,22.58186152906405,92.54182887479305,6.105275489677443,113.43391462608335,apple,True
18.0,36.0,23.0,24.01825377,53.76623369,7.214078621,35.03404425,mothbeans,False
80.0,45.0,42.0,23.1426498,74.99739774,7.380396262,151.9035477,jute,False
49.0,68.0,22.0,28.56840626,61.53278622,7.127064207,63.49726331,blackgram,False
32.0,56.0,18.0,20.0467711,65.84395319,7.135251532000001,46.05333124,lentil,False
44.0,47.0,45.0,38.73218907,94.73613484,6.579441304,218.142147,papaya,False
19.0,39.0,17.0,29.2808618,81.8009244,6.890156495,44.47427436,mungbean,False
97.7723245441813,87.60489683297455,50.27238134421985,27.561220040361455,82.55301579094282,5.934936620620321,100.20457728802769,banana,True
75.0,56.0,18.0,19.39851734,62.35750641,5.696205468,60.95197486,maize,False
31.23161695971728,139.30453887465495,198.69528905851274,23.917250009327038,81.88186507298047,6.011310703263495,68.65359505457835,grapes,True
32.0,57.0,22.0,28.6899851,87.50436797,6.769415887999999,44.56598352,mungbean,False
1.0,62.0,23.0,15.43546065,18.37477907,5.607808432000001,139.0302034,kidneybeans,False
20.0,73.0,22.0,16.03768615,22.33195853,5.976312537999999,130.3900798,kidneybeans,False
19.10375218488484,16.152957292727674,29.520155652644345,25.57261037477996,92.99337864584312,5.716165790960639,142.5334579083533,coconut,True
30.0,28.0,30.0,31.86641378,52.19331595,5.064613314,98.46768642,mango,False
23.574185416938526,24.33410178562621,28.08569888219324,32.58056174521603,47.80808063446655,6.092465997521956,94.28264855315228,mango,True
29.21888479530356,46.06983809497425,19.36936627287631,28.723410374328093,84.30522893537112,6.891071138838902,49.690395080850706,mungbean,True
39.0,73.0,24.0,25.65842532,61.18235808,7.22405917,69.28607828,blackgram,False
91.0,84.0,52.0,29.14827211,78.71024836,6.390741836,117.536781,banana,False
113.0,38.0,20.0,22.10718988,78.58320116,6.364729934,74.94136567,cotton,False
131.0,60.0,17.0,25.32023717,81.79475917,7.4250413160000015,83.46532547,cotton,False
79.73476984392263,54.896102958766136,19.068652694106127,22.918568774970993,57.60182708056034,6.237157046115566,82.33350043684828,maize,True
40.0,136.0,202.0,22.85267372,94.57645809999998,5.935336307999999,117.53140259999998,apple,False
102.21589352172614,19.039073403541202,52.26549214402253,29.161041408183063,92.91876691211422,6.194224148214329,23.725045391329324,muskmelon,True
35.0,145.0,195.0,22.03911546,94.58075845,6.231950009,110.9804014,apple,False
16.718849141881954,72.17948861863354,19.616943524685045,27.602175025044733,58.55268156721935,5.679041529417891,169.89011375188176,pigeonpeas,True
14.414067237307776,62.61145896759174,22.729411385899216,19.514141883674288,21.57757266227253,5.720164584009996,93.58968314727485,kidneybeans,True
37.0,30.0,34.0,27.53907547,53.63549533,6.797779227,99.35408185,mango,False
7.0,77.0,18.0,20.5591255,60.54880693,6.655918077999999,191.0895109,pigeonpeas,False
26.0,126.0,195.0,21.41363812,92.99124545,5.878568981,118.3979065,apple,False
25.0,121.0,201.0,30.50734778,82.71775569,5.594240602999999,70.08200379,grapes,False
61.0,41.0,44.0,24.36972377,82.11319791,6.537914957999999,159.92109340000005,jute,False
116.44918261113665,12.462081870542049,48.164110307246645,25.184917714387808,85.00768386966617,6.621823422572187,52.52066131207971,watermelon,True
105.99987380486446,25.79504309727334,31.365447594877242,24.508915573089443,59.8284453232617,6.827587604341283,150.1484430246844,coffee,True
22.0,144.0,196.0,21.91191314,91.68748063,6.4992268210000015,117.0761277,apple,False
25.0,12.0,26.0,28.56973521,95.67906668,6.436314406,134.83703480000003,coconut,False
0.0,21.0,32.0,35.89855625,54.25964196,6.430139436,92.19721736,mango,False
40.0,58.0,15.0,29.46416042,87.60890009,6.978400282000001,43.15411472,mungbean,False
25.0,63.0,20.0,15.78601387,21.14544088,5.502999119,95.17028129,kidneybeans,False
28.0,72.0,84.0,18.72963144,19.18197264,6.481783042999999,71.58010169,chickpea,False
9.0,11.0,8.0,24.85903405,94.39000473,6.559236744,111.78037340000002,orange,False
82.0,40.0,45.0,26.21312799,81.70476368,6.667633355,180.1237765,jute,False
27.720995489977632,60.31049318848663,18.06536297853761,18.773663342388794,21.536739423905072,5.722855951346831,124.18647146920726,kidneybeans,True
50.97470430859427,69.13302968274584,50.50636298842745,38.75419648188525,93.25968436380687,6.768555620434422,110.77742790061939,papaya,True
33.0,138.0,198.0,22.29423493,90.69033986,6.222390797999999,122.7418744,apple,False
110.0,39.0,25.0,22.60612115,77.34264002,7.208795456,75.13617229,cotton,False
10.0,18.0,35.0,27.79797651,99.64573002,6.381975465,181.6942283,coconut,False
26.27282608002976,71.93159181046096,21.6725394471042,19.504360285299125,21.424628257294437,5.803850937084053,111.0310292981612,kidneybeans,True
37.0,62.0,22.0,24.02037872,61.62313345,7.397546271,49.78102578,lentil,False
92.0,75.0,45.0,29.01207743,77.95192527,5.674403358999999,90.43495443,banana,False
72.0,41.0,36.0,26.50838667,86.84264005,6.065898282999999,152.9801697,jute,False
57.0,57.0,75.0,17.09104223,18.25142068,7.785039076,87.27444866,chickpea,False
34.36458162587096,67.51094557621678,18.7629557190349,28.609922110726895,67.98496903517503,7.466468927722187,70.26087050538132,blackgram,True
12.0,67.0,23.0,25.62896213,63.14909763,6.585020302999999,45.49683991,lentil,False
61.0,44.0,17.0,26.10018422,71.57476937,6.931756557999999,102.2662445,maize,False
7.0,144.0,197.0,23.8494014,94.34814995,6.133220586,114.0512495,apple,False
24.277384135251285,137.11457294230877,201.20730177098145,22.486674237581322,91.9962010435441,6.04503133775043,111.97536336259238,apple,True
62.0,48.0,20.0,21.70181447,60.47470519,6.708446922,95.71388473,maize,False
89.0,60.0,19.0,25.19192419,66.69029010000001,5.913664501,78.06639649,maize,False
111.0,39.0,22.0,22.60361557,80.35090459999998,6.135025006,88.57395505,cotton,False
29.0,128.0,198.0,22.44075021,92.70785115,5.685062404,121.4977331,apple,False
93.36780494779208,12.916001656272076,48.045480472395276,25.929887192164934,85.58915679336205,6.506964178878221,43.18047688326794,watermelon,True
105.38540931630855,79.68366972743462,49.14701703519485,26.612803052150085,79.44033298487447,6.041797418359607,103.73770708909915,banana,True
95.0,39.0,29.0,27.35152643,55.99375012,7.13411409,148.98125249999995,coffee,False
19.4818078397112,128.23406496269476,198.2036966225019,22.760643643201064,92.94460804254209,6.19815493152561,123.0033405383059,apple,True
90.0,39.0,43.0,24.44743944,82.286484,6.7693455,190.9684885,jute,False
82.0,35.0,35.0,25.49386782,86.97061481,7.299076163,176.5268267,jute,False
46.515731296074996,67.60913921021735,17.89295159893455,28.517738520110818,65.60058407886405,7.2045988424588545,70.57736739064401,blackgram,True
105.24095243094037,31.45216708609594,29.500173021715433,24.842510965492107,56.33534402476597,6.4492058621901025,161.11050232154963,coffee,True
81.8685481251586,50.62731390888489,20.146869103138325,23.134892030454118,64.97596578342066,6.330385998643607,79.12218116968366,maize,True
117.83387426538515,49.46955580324129,17.186903414005013,23.24491801925104,76.73496501091289,6.922928220072834,74.11774303945396,cotton,True
57.0,56.0,78.0,17.34150229,18.75626255,8.861479668,67.9545435,chickpea,False
52.0,63.0,19.0,29.58949031,68.32176769,6.928898659,67.53021213,blackgram,False
79.0,42.0,37.0,24.87300744,82.84022551,6.587918707999999,295.6094492000001,rice,False
29.0,144.0,204.0,22.43324518,92.48667725,5.800448951,119.1025189,apple,False
42.81371428993578,72.15905567971502,82.60681829971493,19.05394938830263,17.365085235089165,6.875962424383056,79.7099154616623,chickpea,True
17.73076390599665,68.40854832153407,20.501888789798524,22.253666430171272,63.57049794894769,7.002894173887839,45.39927149700384,lentil,True
13.732801360067175,20.694936560879764,41.05736119877635,22.26546184818161,90.68920346049148,6.503817878546515,109.9714863612128,pomegranate,True
29.0,72.0,24.0,23.17409556,36.67847052,6.962386495,162.5931264,pigeonpeas,False
21.320781483024597,66.92462275849356,21.28977033101328,31.47047794380439,42.71225384757926,5.489485584551422,125.76943662294461,pigeonpeas,True
37.0,126.0,196.0,23.59997268,90.97597665,5.596449493,107.17281909999998,apple,False
31.158408068277,68.24089348866073,20.935716005244508,24.42054339656487,64.75966101711572,6.7675379625914776,46.015965093723786,lentil,True
0.0,133.0,200.0,23.67287749,90.4935574,5.708418722,104.2298028,apple,False
78.17696218442983,52.81600022665356,40.548711413687805,25.738692003405685,82.39851148834717,7.366274120717915,239.2248769574125,rice,True
63.0,58.0,47.0,26.83054058,90.75379971,6.864143752,144.66564440000005,papaya,False
80.0,18.0,51.0,28.05380704,91.81758779,6.706053225,20.76582087,muskmelon,False
9.0,21.0,32.0,32.26935342,53.56092806,5.870116071,95.94035356,mango,False
18.665935089063275,30.13906534918211,30.077653486461827,29.334295995402414,48.34427524059747,5.280441646182791,95.52489128233167,mango,True
113.0,38.0,25.0,22.00085141,79.47270984,7.388265887999999,90.42224164,cotton,False
15.493946346282886,65.31108184245628,19.998302805211793,25.01646597266134,66.11664039041948,7.134560820163066,48.893537553442144,lentil,True
118.0,21.0,34.0,24.38534644,64.72543073,7.234258375,119.6324109,coffee,False
97.73884456371597,83.74930069901076,47.40183903742915,27.832066962972274,79.60236627848184,6.13922083260792,93.37617216878705,banana,True
37.929017223124234,69.04916044162272,75.14034521824279,19.09680385401277,14.25803981,6.646600263563336,81.8534812005416,chickpea,True
30.0,75.0,25.0,30.33276599,42.35249879,6.446091759,149.299952,pigeonpeas,False
44.0,76.0,22.0,27.26458947,68.01232937,7.775306272000001,68.91754359,blackgram,False
75.0,36.0,44.0,23.28081,74.27607475,6.613341342999999,153.7447398,jute,False
103.4658461677917,88.67103170436354,52.04135119614243,27.690385015165567,82.80441002515403,6.04329989275075,108.51775876528922,banana,True
21.721983775223755,135.65158961006856,199.97826101660743,22.63097732677032,91.80716828414683,5.972220583203465,112.3092666313782,apple,True
60.0,55.0,45.0,21.40865769,83.32931909999998,5.935745417000001,287.5766935000001,rice,False
99.0,5.0,47.0,24.13078816,84.84494575,6.649086972,51.19470197,watermelon,False
118.18874000343243,41.48050575157802,22.263882109996178,24.624655990168566,80.29641277089868,6.490338744693085,81.58112845127096,cotton,True
55.0,78.0,21.0,33.39438752,62.93692886,6.602888248999999,63.57445989,blackgram,False
2.0,72.0,18.0,26.57597546,60.97876599,7.836719564,50.89110726,lentil,False
14.104132085627334,18.878696957068698,9.608996134078987,22.144023865660458,93.08007743773135,6.801214900522307,110.73593768414409,orange,True
74.0,40.0,40.0,25.13842773,83.12053888,6.386259977999999,169.33884650000005,jute,False
12.374416185473258,16.07062218991206,41.07439999345998,19.790320994718137,91.92631334509012,6.5825700062539205,108.83023188434346,pomegranate,True
23.0,138.0,195.0,22.49095104,91.70292746,5.7959857160000015,124.3915101,apple,False
109.0,31.0,27.0,23.05951896,50.40609436,6.973839707000001,164.4971875,coffee,False
92.0,40.0,30.0,23.35723208,55.18792166,6.026287448,171.6976946,coffee,False
97.5382881574816,27.555648879484423,30.767773054534423,25.461420081824308,57.7160168084511,7.096312744243846,156.59897840374822,coffee,True
74.0,43.0,23.0,25.95263264,61.89082199,6.325235159,99.57981207,maize,False
89.0,57.0,43.0,26.91515043,73.19897535,6.998787171,177.22330480000005,jute,False
75.08429841723634,40.2313717294556,36.814617175626196,24.212086488919695,76.02353319175383,6.698272371567185,165.82961181027883,jute,True
70.0,38.0,35.0,24.39736241,79.26861738,7.014063944,164.2697011,jute,False
95.0,12.0,51.0,25.76484262,84.17269959999999,6.681606702000001,44.22066914,watermelon,False
22.0,54.0,20.0,28.56149805,83.63802195,6.689825155,41.013132,mungbean,False
22.0,67.0,22.0,29.03017561,64.49166566,7.475926645,54.93937710000001,lentil,False
61.0,51.0,51.0,39.30050027,94.16193416,6.574677594,120.9512466,papaya,False
92.0,7.0,48.0,26.27520631,86.63249555,6.956508826,54.38748495,watermelon,False
33.88681907378175,67.98561199705385,79.47336334188527,18.67582736934492,17.390897659673925,7.473098253587514,81.31437470939666,chickpea,True
99.0,15.0,27.0,27.0424167,57.27927475,6.501157208,165.6872119,coffee,False
10.0,140.0,197.0,22.16939473,90.27185592,6.229498836,124.4683112,apple,False
93.40777383611116,28.847044628179,31.610131495703033,23.87691901518251,59.87912000854836,7.038423257408323,156.10028838062735,coffee,True
74.09616316961188,47.357241724756875,39.66696097277806,25.24139321337184,81.81369982344941,6.8685685504808935,173.17733940872608,jute,True
25.0,62.0,21.0,26.73433965,68.13999721,7.040056094,67.15096376,blackgram,False
126.0,37.0,21.0,25.84997269,84.16855231,6.61448588,77.03421249,cotton,False
41.25578495403074,64.95848764255673,50.58449063013968,32.41100197687485,91.74008178312378,6.7038354930429005,104.29344715495695,papaya,True
40.0,27.0,45.0,21.66024980000001,94.79397419,5.885638185,112.4349689,pomegranate,False
102.0,25.0,50.0,28.20480805,92.91440379,6.099662369,20.36001144,muskmelon,False
38.0,68.0,54.0,29.33710543,90.81781439,6.739170045,202.0572747,papaya,False
31.0,25.0,38.0,24.96273236,92.40501423,6.4973666770000005,109.4169192,pomegranate,False
5.0,56.0,24.0,24.80710166,45.01110015,5.023115055,188.4928637,pigeonpeas,False
84.45277255279778,52.05545941998689,40.729581135001524,24.35323588723307,82.64211189486565,6.7592647855325545,204.9968523967407,rice,True
108.49929110919257,27.561325106171495,29.608711853171283,25.171087333156947,57.174760562937834,6.935193108673918,161.3540691037448,coffee,True
21.55843629576358,32.701102390288945,29.8552834509813,32.54031181206992,51.64402343592269,5.684943501656157,95.69722467353704,mango,True
40.0,5.0,32.0,26.07010807,96.7036223,5.981169595,143.533473,coconut,False
73.0,45.0,21.0,24.60532218,73.58868502,6.636803222999999,96.59195302,maize,False
20.0,72.0,19.0,32.47648301,64.34848735,7.397190844,65.82045699999999,blackgram,False
29.480096248117288,129.38193366555362,198.8277339584892,22.24761631686615,92.04910413878808,5.744545739365004,114.91051322306176,apple,True
83.0,25.0,53.0,26.49195283,80.04678201,6.057697106,57.72799157,watermelon,False
21.010006600103743,22.313921797322934,30.682514870168138,27.43568612004218,94.72500356858701,5.9771080887500725,201.01509480814968,coconut,True
97.0,59.0,43.0,26.35927159,84.04403589,6.2865001760000006,271.35861370000003,rice,False
75.0,41.0,35.0,24.97042599,78.62697699,6.856833064,166.6415254,jute,False
18.0,5.0,11.0,20.87947369,90.93756231,6.251586885,102.4550786,orange,False
8.0,7.0,10.0,28.2620488,91.98317355,6.929216014,105.2132259,orange,False
35.0,55.0,22.0,30.88883074,52.62696801,8.634929739,55.51932414,mothbeans,False
114.0,27.0,48.0,27.82054812,93.03555162,6.528404377999999,26.32405487,muskmelon,False
13.0,17.0,45.0,21.25433607,92.65058936,7.159520979,106.2784673,pomegranate,False
14.0,18.0,35.0,31.09154239,47.02058367,4.791146778,91.46664318,mango,False
61.0,68.0,50.0,35.21462816,91.49725058,6.7932454170000005,243.0745066,papaya,False
80.0,90.0,47.0,26.59743595,79.35898915,6.21084479,107.3944717,banana,False
98.0,53.0,38.0,20.26707606,81.63895217,5.01450727,270.4417274,rice,False
103.97033489233303,18.454360467013935,50.4438367306126,28.629158372776978,92.82503019357058,6.3624096693602645,23.51304824730935,muskmelon,True
14.880838621933922,6.702050969329532,9.328166902280863,24.815095173568473,92.2785693475367,7.0963377751818655,114.25087267171573,orange,True
108.0,23.0,51.0,26.84366082,83.85039964,6.106500787000001,40.228644,watermelon,False
64.0,45.0,43.0,25.62980105,83.52842314,5.534878156,209.9001977,rice,False
37.0,5.0,34.0,25.79490531,93.84150618,5.779032666,152.42387119999995,coconut,False
102.52858962435576,88.22460013126818,46.56045479589189,26.95464435078752,81.18701076260645,5.769864050339631,111.56257535811321,banana,True
79.29332494100795,49.15129665787789,20.583182262565174,21.160651933167586,65.26917710173288,6.331919405632592,91.18548065324939,maize,True
19.964849292456837,138.55836082725233,200.15076898846658,22.565314902159344,91.57810597326359,5.704475364179225,110.92766028823077,apple,True
123.0,39.0,24.0,25.00755095,78.17952126,7.453106264,86.06411872,cotton,False
80.02395987674021,42.52323253283462,41.50595155401459,23.179355864498977,81.81394144847201,6.917906765156491,256.03989789253677,rice,True
21.0,39.0,20.0,28.14448546,82.1193047,7.064782137999999,46.75690086,mungbean,False
12.0,31.0,26.0,35.7877738,51.94190321,5.395275719,100.2160615,mango,False
60.0,49.0,44.0,20.77576147,84.49774397,6.244841491,240.0810647,rice,False
8.0,59.0,18.0,29.50523036,35.72032498,6.216814453,187.8961851,pigeonpeas,False
35.0,52.0,19.0,27.10606808,89.89593328,6.698574085,37.45680611,mungbean,False
126.83359474676669,43.02089433474836,19.201105762947066,24.41328940966987,79.93105203318667,6.56229859028804,82.72648910240602,cotton,True
7.0,74.0,17.0,22.47253208,62.56532471,5.667419697000001,96.74706956,pigeonpeas,False
21.0,139.0,201.0,19.3642553,83.36094029,5.980598579,67.15094741,grapes,False
119.0,19.0,55.0,25.18780042,83.44621709,6.818261382999999,46.87420883,watermelon,False
37.4284219198301,64.37659342280597,17.54394104027242,25.356133835805363,67.04940476979243,6.94567000972104,47.29216701901628,lentil,True
92.4240194706036,27.603633278858975,32.14478507489012,25.92220556168949,59.4398743380011,6.744906597620821,153.13539604396655,coffee,True
101.0,11.0,51.0,25.50736962,84.24340241,6.792035575,44.2068997,watermelon,False
93.0,22.0,52.0,26.58740671,81.32563243,6.932739726,41.87540028,watermelon,False
57.0,58.0,77.0,18.72649425,17.58406365,7.978996755,81.20176515,chickpea,False
22.0,42.0,22.0,25.54249137,56.96640758,7.887658711,48.46797044,mothbeans,False
11.0,44.0,17.0,26.34043268,55.59160391,8.016210782,35.1051197,mothbeans,False
19.238422328734632,43.98305609039812,20.97669149391138,29.046292048290745,85.42785319175212,6.911364522104881,41.39309145813496,mungbean,True
32.0,139.0,198.0,35.89307536,82.66850729,6.358186848,66.53946559,grapes,False
4.0,40.0,26.0,27.58258929,48.56916221,6.720041791,95.8445641,mango,False
58.0,71.0,15.0,27.82592799,67.58618829999999,6.919243702,74.01229707,blackgram,False
25.0,76.0,17.0,31.74105409,68.63525428,7.241148507,62.3061735,blackgram,False
22.215742990314627,46.318344593297525,18.629563875214874,28.490766173367337,48.91917632015137,7.229193744131244,69.2564804402499,mothbeans,True
37.0,52.0,47.0,43.08022702,93.90305729,6.54277684,211.8529059,papaya,False
71.0,46.0,40.0,20.2801937,82.1235421,7.236705436,191.9535738,rice,False
6.0,48.0,24.0,28.6362812,84.61431076,6.790736339,48.48319335,mungbean,False
2.0,36.0,31.0,30.90225239,49.95955487,5.73171945,91.77522598,mango,False
102.05526407375385,83.40165086465582,52.28362885329696,27.131987460237823,78.28647443158964,6.128314964553306,103.06929268854194,banana,True
40.0,55.0,18.0,30.38257873,40.5926071,7.115994051,47.95406479,mothbeans,False
114.0,8.0,50.0,24.74631269,88.30866319,6.581587932000001,57.95826144,watermelon,False
91.0,24.0,55.0,26.27061608,83.09194521,6.259086582999999,46.76837499,watermelon,False
20.779729440654776,30.79894164199214,30.13150752798698,32.83876210244197,50.167589606897714,5.725794801795167,96.48115931280539,mango,True
20.318654516766795,25.983408105924333,27.46493817575267,29.987390834734917,52.31778459585309,5.901728958160454,92.49506409678872,mango,True
118.0,50.0,19.0,22.95604064,82.33733678,6.360812227,66.48339303,cotton,False
36.09619532350811,69.15460882533789,18.38964782656122,29.420435861258444,67.02498498116333,6.940125174581797,62.83639071685077,blackgram,True
19.0,17.0,39.0,24.72485577,85.56083187,6.728599215,111.2787584,pomegranate,False
20.5952092468076,15.641443599947948,8.566284199290816,26.40723488295791,92.47547280883805,6.887843475960346,110.89086970503106,orange,True
39.0,138.0,203.0,21.19339319,82.33098331,6.399433771,74.62834921,grapes,False
0.0,27.0,38.0,22.44581266,89.90147027,6.7380162210000005,109.3905998,pomegranate,False
13.508250538166852,71.32552137470533,18.578247892908685,22.17356887533805,66.30366381582691,6.780427123375812,44.52879560532022,lentil,True
38.0,135.0,203.0,41.36106301,82.79782954,6.444373116,69.92107482,grapes,False
125.98292827728336,50.00286386667172,20.019422037853165,24.078241109362224,79.52460022447941,7.125450264753095,78.31578786188352,cotton,True
22.97760577031115,64.28376877535109,19.212372018434902,30.391696723274737,57.76884400714694,5.993568423317483,134.6562598623485,pigeonpeas,True
116.0,36.0,25.0,27.57847581,58.52534263,6.172090205,156.6810374,coffee,False
130.9550101787278,42.452818797037814,19.671603035226404,23.321063437060523,78.65725381052003,6.715091224396489,74.46116097283611,cotton,True
80.62097848045867,54.89899302458129,39.5420114055014,25.20693778389208,83.10366016048899,6.987253155685295,174.88112976001855,jute,True
34.0,38.0,31.0,35.37775595,45.58110023,6.454045329,97.41586402,mango,False
17.28826402870175,47.772994074301465,20.509408962571175,29.9188472124447,52.110149894002234,7.723901158304311,59.668772121329475,mothbeans,True
35.0,72.0,21.0,34.03619494,64.28791388,7.741418772,66.85510868,blackgram,False
9.12833083119166,32.529734247671115,31.41917869021047,34.417026119324355,48.24161155575559,6.279397073093141,94.8215914705883,mango,True
94.0,70.0,48.0,25.13686519,84.88394407,6.195152442,91.46442491,banana,False
34.0,80.0,19.0,31.49338309,63.0563645,6.521217963,71.48327008,blackgram,False
31.0,130.0,198.0,21.80129837,92.73446667,5.554823557000001,120.05866709999998,apple,False
96.24191894999679,30.74526660955332,30.582072770494992,24.363118472947463,56.755285536633345,6.66898084288795,153.37090861207048,coffee,True
83.0,38.0,35.0,25.70822684,52.88667115,7.18915558,136.73250919999998,coffee,False
63.0,41.0,45.0,25.29781791,86.88705350000002,7.121933578999999,196.6249511,jute,False
24.0,38.0,22.0,24.47876451,58.51663927,8.202706015,34.96933295,mothbeans,False
72.0,45.0,35.0,25.42977518,82.94682591,5.758506323,195.3574542,rice,False
99.58130138937588,16.18352438406873,51.1603433366054,26.303310582842865,85.80161685883003,6.559735402760686,50.93699471237587,watermelon,True
82.0,22.0,45.0,26.22338015,85.34866045,6.512196212,54.60159289,watermelon,False
22.958718743741063,66.32657772565186,21.2714702951003,20.055868857446363,21.07749042950405,5.726764209950285,132.30062747022217,kidneybeans,True
29.0,22.0,40.0,23.62600218,89.73266695,6.145104401,107.6836871,pomegranate,False
95.0,26.0,45.0,29.91690582,94.55695552,6.117530021,28.16057247,muskmelon,False
9.0,10.0,10.0,22.3551049,93.52211892,6.010391864,101.5164589,orange,False
91.81087232246841,14.261180179814689,50.61606897727518,27.733620629147765,92.31483630020438,6.240698233161088,24.830464913038625,muskmelon,True
11.0,36.0,33.0,35.99009679,52.22780489,5.978634285,95.3713484,mango,False
99.0,36.0,20.0,20.57981887,65.34583901,6.671085817000001,78.34604471,maize,False
95.39411684438544,10.571565649807706,50.949909889754764,29.576073539667338,93.38852719993174,6.329017945009175,24.70222050303074,muskmelon,True
29.0,76.0,15.0,28.541723600000005,64.2020154,7.0256077060000015,69.68862306,blackgram,False
16.0,75.0,21.0,18.50692825,23.61670065,5.679224346,87.05132890000002,kidneybeans,False
69.0,55.0,38.0,22.70883798,82.63941394,5.70080568,271.3248604,rice,False
38.0,21.0,35.0,20.33691147,89.38003827,5.841367187,110.9653137,pomegranate,False
12.0,66.0,20.0,27.41434987,63.41785982,7.336117221,44.43177543,lentil,False
39.0,60.0,21.0,34.89814946,63.59948557,6.97297656,64.72797143,blackgram,False
15.0,11.0,38.0,23.12808226,92.68328358,6.630646082999999,109.3930157,pomegranate,False
20.0,74.0,16.0,36.04353699,43.61444121,4.759490199,159.8938645,pigeonpeas,False
68.0,40.0,19.0,26.14384005,66.20569924,6.655426355,107.2361366,maize,False
76.0,48.0,18.0,19.29563411,69.63481219,5.77597783,83.21030571,maize,False
34.0,140.0,198.0,21.70416965,93.44006288,5.751707342,115.1781396,apple,False
24.0,73.0,20.0,19.63736208,32.31528909,4.608695247,176.4134092,pigeonpeas,False
93.11557673478791,11.643087275979727,49.91234664484684,25.76645553686452,82.73487477789647,6.5949191275302255,53.025475857662805,watermelon,True
23.0,55.0,16.0,21.01142393,69.69141302,5.111488821,185.2039114,pigeonpeas,False
27.0,80.0,24.0,28.42062847,61.77336343,7.815210661,49.02366803,lentil,False
5.0,32.0,33.0,32.32362177,52.58967710000001,5.842763773,93.36718816,mango,False
86.0,15.0,47.0,24.04355803,84.18406764,6.423898762,53.78929956,watermelon,False
7.088006786513391,69.38084543799322,17.367838574222606,23.455750642360023,64.2699019613364,6.812446189301976,44.177025366496395,lentil,True
23.0,23.0,27.0,34.72413192,51.4271781,5.161148592,97.31258083,mango,False
19.616134699151782,66.87302461532202,20.304885471924425,30.014761520035552,57.08742714912724,6.037231874383139,162.70675420652458,pigeonpeas,True
38.0,24.0,33.0,28.28905147,97.00396405,5.973853124,142.9403233,coconut,False
120.0,23.0,55.0,27.84492803,91.60666594,6.732049075,26.47844429,muskmelon,False
60.0,37.0,39.0,26.59104992,82.94164078,6.033485257000001,161.2469997,jute,False
90.0,92.0,55.0,27.00932084,80.18546798,6.13465588,97.32531705,banana,False
11.0,14.0,5.0,11.50322938,94.8933184,6.946354724,115.56837759999998,orange,False
8.0,16.0,6.0,12.22816189,90.26457428,7.106650373,108.4161706,orange,False
97.0,74.0,45.0,26.47522633,78.51833782,5.677719902000001,113.1161095,banana,False
15.0,45.0,23.0,24.20422636,61.43378674,7.224193642,46.0203959,mothbeans,False
21.295940188104122,17.14529186512883,5.813759363624436,19.43781720719208,92.13384472399392,6.914196115111351,111.18132687395173,orange,True
104.03758169813875,32.33641247438637,30.0053527399346,24.573986945981304,54.89886725000936,6.492655808187819,135.3566940473944,coffee,True
24.537259197973015,52.1249786323949,18.803069723615437,27.193465811099767,54.768827324770065,6.76491182069923,38.233222866864104,mothbeans,True
20.482658086424166,10.631455522811141,29.11293480292037,26.813443186689312,98.14499664176874,6.235681843339637,169.6190379102089,coconut,True
24.0,80.0,22.0,16.71170642,19.17651433,5.635993966,96.77285817,kidneybeans,False
51.0,57.0,55.0,24.70528368,90.14732171,6.6764073370000006,108.4103158,papaya,False
2.0,67.0,18.0,34.51934775,47.52980027,5.921666758,129.0064612,pigeonpeas,False
32.0,11.0,31.0,29.51611558,92.56492864,6.461225827000001,131.2116167,coconut,False
26.23299836913439,128.82180400912105,199.94086161223245,22.430640667222868,92.09441891779711,6.064499556448183,114.5658923187794,apple,True
28.0,80.0,17.0,19.62207826,18.67170854,5.809419584,144.1567454,kidneybeans,False
2.0,78.0,23.0,21.31852148,66.43934593,7.320514721,45.42616802,lentil,False
102.58246169926377,28.747273771450114,30.397729498569763,25.01554595433925,58.60909477200342,6.457008507161403,159.80229921961003,coffee,True
118.0,40.0,35.0,26.35034208,58.50650238,7.460174812000001,121.5586297,coffee,False
109.0,26.0,45.0,28.27973674,90.38971208,6.224535448999998,21.58992507,muskmelon,False
13.0,144.0,204.0,30.7280404,82.42614055,6.092241627000001,68.38135469,grapes,False
19.55616364162646,9.376317695589712,30.332770237075398,26.329446636168967,96.143513813845,6.19470151334475,163.94323293775824,coconut,True
106.0,16.0,54.0,28.96017885,91.69532178,6.585872508,24.7458198,muskmelon,False
120.0,60.0,15.0,22.31871914,83.86129998,7.288377241,65.35747011,cotton,False
82.0,43.0,38.0,23.28617173,81.43321641,5.105588355,242.3170629,rice,False
118.0,18.0,52.0,28.04943594,90.83130708,6.562832807,20.76223014,muskmelon,False
84.48427215508974,46.0354845266125,39.71206900511636,23.58501223089823,82.29521360898143,6.607144778188673,279.64587688989144,rice,True
19.93622673261259,11.999222501936384,31.79630675698523,26.942127841211605,95.3868485119318,6.0578845064884765,202.74557514646247,coconut,True
98.0,22.0,47.0,29.07265321,91.91533173,6.341400922,28.83568362,muskmelon,False
44.0,63.0,15.0,26.42333018,64.51136845,7.338929556,63.46546487,blackgram,False
38.0,62.0,25.0,32.7477393,67.77954584,7.453975408,63.37784443,blackgram,False
16.0,29.0,13.0,32.31944397,93.67804556,6.196907944,117.6236473,orange,False
27.0,8.0,30.0,26.44600063,98.29937782,6.008386282999999,221.2258168,coconut,False
95.0,52.0,36.0,26.22916897,83.83625819,5.543360237999999,286.5083725,rice,False
104.59618078896538,26.18219501360349,29.746219919996193,24.322656065534762,52.026044861448725,6.986937388315259,145.41153034325134,coffee,True
29.0,122.0,196.0,41.94865736,81.15595212,5.638328481,73.06862952,grapes,False
121.0,36.0,24.0,23.66457347,81.69105088,7.352401887,99.36898373,cotton,False
36.0,29.0,13.0,20.68185224,90.91510525,7.829507245,109.7513927,orange,False
75.26095309803276,46.142309997808056,21.501211665914628,21.978991160985494,68.10127969418286,6.33370271730447,82.10182668980426,maize,True
66.49418304169664,46.84798023800308,19.87266447379859,22.012258207173517,64.41981521246281,6.345882175942584,76.37953123845035,maize,True
58.0,46.0,45.0,42.39413392,90.79028064,6.576261427,88.46607497,papaya,False
31.0,136.0,197.0,31.11047251,83.34010951,5.653776057999999,71.43001582,grapes,False
92.0,44.0,16.0,18.87751445,65.76816093,6.082973754,94.76189431,maize,False
48.43183074658754,61.573007085346376,48.723536240379076,29.63416046698977,92.35264552104391,6.7437679825631,131.4104589747203,papaya,True
11.0,10.0,45.0,22.63045168,88.45577158,6.397995609,109.0357597,pomegranate,False
22.0,59.0,23.0,27.32220619,51.27868781,4.371745575,36.5037914,mothbeans,False
13.706456152508308,136.20189635564725,199.1105877746633,22.636111252088426,92.6839796328235,5.989706099813507,115.01788962911755,apple,True
105.0,77.0,52.0,29.16226551,76.16151562,5.816622478999999,100.0075679,banana,False
31.0,20.0,30.0,32.17752026,54.01352682,6.207495815,91.88766069,mango,False
119.0,30.0,49.0,25.35794749,80.45846265,6.903020221,47.72078245,watermelon,False
40.0,45.0,18.0,30.43683729,55.20522037,5.261285926,30.92014047,mothbeans,False
23.0,57.0,19.0,32.83963757,67.99803573,7.251000789,73.40452716,blackgram,False
91.0,35.0,39.0,23.79391957,80.41817957,6.970859754,206.2611855,rice,False
108.0,89.0,53.0,29.12036889,80.18080728,5.908770059,112.3982055,banana,False
83.0,11.0,53.0,29.54097171,92.91778307,6.163921247999999,21.9653077,muskmelon,False
76.01604857424564,48.188895964407806,39.17283927461647,26.105223020327262,79.6766998410013,7.02090248112375,176.76369401762003,jute,True
37.0,78.0,79.0,19.95264829,14.82633099,7.786366322,88.6810311,chickpea,False
21.2169261897592,29.31659522609085,27.8490202630314,32.06466141801215,52.9880285390322,5.7939736960273125,94.60157782645494,mango,True
34.0,56.0,17.0,33.4126864,35.42910045,4.548202098,139.6702541,pigeonpeas,False
112.0,28.0,54.0,24.86094646,85.05318563,6.738030547,55.29563514,watermelon,False
109.24309637127423,16.75793260075294,49.38256050163267,28.870804251359417,90.96072078917355,6.2672919906977675,26.050699665343302,muskmelon,True
9.0,35.0,20.0,27.41503453,80.98004661,6.91380932,40.53173216,mungbean,False
92.0,35.0,40.0,22.17931888,80.33127223,6.3573893660000005,200.0882787,rice,False
91.0,7.0,53.0,25.13735887,89.28272716,6.457216535,43.52897517,watermelon,False
52.0,71.0,16.0,27.74274761,68.53997144,7.0758864720000005,71.78615328,blackgram,False
29.0,21.0,45.0,23.40981539,93.13277,6.749260456,105.2240743,pomegranate,False
111.0,40.0,25.0,24.48469200000001,84.44932014,6.187455798999999,90.94342484,cotton,False
47.63531029581823,72.02705046639107,80.92156544779604,19.222831245931562,17.30526330097779,6.897403315192835,82.84237226237435,chickpea,True
27.0,62.0,77.0,18.19737048,14.71070537,6.576415562,70.18185181,chickpea,False
3.0,26.0,39.0,24.38318965,91.19431555,7.079973241,103.6012114,pomegranate,False
39.0,37.0,25.0,33.33024826,45.61143594,6.953246506,98.28583013,mango,False
21.861252443850315,19.62241727907079,8.574025550687013,18.74424231923583,93.32457665726892,7.046033288519847,108.69342907548042,orange,True
71.0,54.0,35.0,26.63952463,70.95705996,7.311077075,199.3355744,jute,False
21.0,63.0,17.0,15.77370214,19.2303162,5.979973965,108.3441414,kidneybeans,False
22.0,55.0,24.0,28.56800579,57.30636014,8.66077954,64.53027638,mothbeans,False
114.0,21.0,55.0,25.4438391,87.93923120000002,6.472756256,57.51549686,watermelon,False
31.0,48.0,45.0,40.78881819,92.90951393,6.563134737,132.7923586,papaya,False
100.0,74.0,52.0,25.43480512,81.53977797,5.837258235,96.47800391,banana,False
120.73430595672625,48.26770411420766,15.0,24.664861966655234,75.19437896835674,6.719491911297331,86.15630105048416,cotton,True
27.0,64.0,15.0,20.16080524,24.84207559,5.514927264,138.2362122,kidneybeans,False
14.0,22.0,9.0,17.24944623,91.13772765,6.543191814,112.50905159999998,orange,False
74.0,58.0,18.0,20.03728219,56.35606753,6.727303282,109.024141,maize,False
99.90740274613819,30.160772344775694,32.21469744468027,25.676701371054506,56.20908447541787,6.962255923088522,169.90081856553695,coffee,True
18.0,17.0,31.0,31.74592134,45.16127859,5.667507706,93.75441586,mango,False
27.0,61.0,15.0,25.2653291,67.10004577,6.958054839,48.33941188,lentil,False
3.0,27.0,44.0,24.56811204,92.03009222,6.591302797000001,110.9633894,pomegranate,False
82.93213082546461,47.86467003324301,42.25777676798329,24.99152375997679,81.006130433191,6.814533779772035,172.61936054539956,jute,True
30.0,44.0,16.0,29.73013036,82.89166381,6.442335592999999,50.91511275,mungbean,False
108.0,92.0,53.0,27.40053601,82.96221306,6.276800323,104.9378,banana,False
100.6849039099178,27.13929990497928,25.14182383528987,24.603345328958067,62.141897298653774,6.651689731985381,162.69901191123557,coffee,True
25.275348153356187,72.03020413617399,20.37707365673475,19.88604537042334,22.039157237532493,5.541636216517237,109.86596780364803,kidneybeans,True
29.09777161313376,50.720740146667275,20.09953661282512,26.052923187851455,48.53598554090635,8.025558693881532,45.76864047428819,mothbeans,True
26.0,9.0,32.0,25.9490364,94.73860514,6.470465614,144.15711090000005,coconut,False
48.650770109112436,66.23831656856643,47.311125287294374,32.98896568931526,93.26399950913523,6.633442385629366,121.90027346212995,papaya,True
36.0,125.0,196.0,37.46566825,80.65968681,6.15526103,66.83872293,grapes,False
102.0,45.0,16.0,23.65629976,77.52425987,7.2942193,74.8984994,cotton,False
98.0,47.0,37.0,23.48381344,81.33265073,7.375482851,224.0581164,rice,False
49.79242205122122,62.48689467062345,49.324583945889046,29.563974433112662,93.80748086763444,6.696895804338125,124.3249765843651,papaya,True
91.0,38.0,36.0,26.5232969,77.17331847,7.287318722999999,157.8548562,jute,False
92.50128392437375,12.957057059627155,47.97958527480256,25.922191520201004,86.21213311169085,6.750749277436199,48.774696412894556,watermelon,True
93.43275389481424,48.39166482608425,38.72746253960224,24.106117428844293,81.93949578303943,5.889648073233484,248.2010158271594,rice,True
0.0,69.0,21.0,25.86928193,61.88321072,7.072923306,36.68284038,lentil,False
22.789761065498517,46.28111605590658,21.04171809456276,28.851970149022165,85.96675737686967,6.687327040055811,47.13129172650707,mungbean,True
5.0,24.0,40.0,24.692258,93.87030088,6.297907578999999,104.6735454,pomegranate,False
20.448346672198774,67.56014996509595,21.81858742542132,21.684479159249157,21.248605119577977,5.7338754839460675,114.59257335995585,kidneybeans,True
104.32379920460558,11.542751859083811,52.246778573470124,25.417810386263234,83.08677549258222,6.720201586528543,50.5886690608422,watermelon,True
32.0,68.0,19.0,24.62835037,18.18325169,5.514234138,149.7441028,kidneybeans,False
17.57995643159027,69.76832791113034,19.91364759191519,18.85507372336025,20.568469449082645,5.854481275307412,103.87758685896426,kidneybeans,True
97.60993489031928,83.77641614613772,51.23721087012798,27.475527503991263,81.42439198207985,6.014911190282305,107.11779409345792,banana,True
87.0,23.0,28.0,26.22367404,62.26594559,6.979590627,193.7461968,coffee,False
4.0,19.0,42.0,23.83185873,87.84034604,6.306605528,111.2232716,pomegranate,False
76.18579066224427,42.60441048217283,18.763090669863296,22.32011951575813,66.58156139370361,6.359666793782033,90.02676547194659,maize,True
80.49424186067331,48.48692279552304,40.56166623497868,24.62506830633232,81.78195239161626,6.1629335444082685,261.0573749790951,rice,True
106.0,14.0,45.0,24.47018505,84.16390229,6.417011754,57.26773002,watermelon,False
131.0,52.0,16.0,23.65724079,84.47601498,6.486068274,88.54479121,cotton,False
26.0,18.0,42.0,19.72620525,89.64934166,6.910374919,108.22872759999998,pomegranate,False
38.0,38.0,18.0,26.31051759,61.18749126,6.294130312999999,35.73403813,mothbeans,False
39.0,29.0,29.0,26.50908611,94.48414544,6.143662699,199.8778403,coconut,False
15.54590765596549,136.94503497479513,204.77571341583825,25.633944615166275,82.21841909434866,5.952435164185363,66.94017215963542,grapes,True
40.0,22.0,6.0,24.53610067,91.90997228,6.488221135,115.9787989,orange,False
117.0,37.0,32.0,23.1069385,67.06230539,6.787658922,162.57696059999995,coffee,False
54.0,66.0,52.0,36.56769731,93.79503425,6.867554147000001,104.4218596,papaya,False
100.0,17.0,48.0,29.72791119,94.29753295,6.367800632000001,26.52364146,muskmelon,False
110.0428769730081,18.375448714552718,52.1412031963324,28.199938774278458,91.6480662961246,6.224302128424778,25.037114842966236,muskmelon,True
106.0,85.0,53.0,27.1994597,78.80860679999998,5.91505509,99.72430835,banana,False
139.0,35.0,15.0,25.248679,83.4630147,5.898293044,86.55517751,cotton,False
84.54297683110096,51.53962694124616,17.427597512492675,21.96967789444472,65.54317137959131,6.405893947516711,91.84181576772329,maize,True
94.0,39.0,18.0,23.89114571,57.48775781,5.893093135,102.8301942,maize,False
82.0,29.0,35.0,26.67377159,52.24226285,6.246872394,156.15438980000005,coffee,False
84.0,7.0,51.0,26.81530456,87.65694462,6.399669044,55.74073582,watermelon,False
22.0,71.0,17.0,18.15300153,19.38602098,5.509295379,107.6907964,kidneybeans,False
6.0,72.0,15.0,22.99451999,66.70897237,7.670178119,54.49044154,lentil,False
1.0,17.0,6.0,10.78689755,91.38411917,6.8198271,117.5293447,orange,False
20.0,27.0,41.0,20.51343484,92.51675903,5.700088663,110.5764023,pomegranate,False
11.0,71.0,24.0,21.14011423,22.7182355,5.6066203460000015,141.6056722,kidneybeans,False
17.0,77.0,24.0,20.76952209,18.93146941,5.568456899,109.0193712,kidneybeans,False
80.0,15.0,28.0,23.11438731,68.00096043,6.703270635,161.8944624,coffee,False
83.26522406688302,45.225492980105685,42.70917642095429,23.336468614158438,82.36680303894504,6.238249908589257,264.50602075268574,rice,True
57.0,67.0,25.0,32.34744009,66.61452812,7.551364319,64.55882254,blackgram,False
100.0,32.0,26.0,25.234661,57.53161469,6.043485685,124.2261737,coffee,False
91.0,53.0,40.0,26.52723513,81.41753846,5.386167788,264.6148697,rice,False
22.627632561432755,130.89016283510034,201.4106216124928,22.701221691488204,81.69471910731774,6.041549389801825,72.11578638682,grapes,True
23.0,6.0,33.0,29.18032562,92.73041222,6.025789594,204.9603677,coconut,False
59.0,63.0,18.0,31.65531175,60.13263713,6.52669158,66.69096751,blackgram,False
105.71909384683099,15.282226709640979,50.90483095800899,28.77404181057109,91.95401165880992,6.446571685910661,25.229918495670763,muskmelon,True
60.0,51.0,36.0,22.69657794,82.81088865,6.028321557999999,256.9964761,rice,False
87.0,54.0,20.0,25.61707368,63.4711755,6.576418207000001,108.8303762,maize,False
92.58049870850623,13.829096713971133,50.71496097880348,29.457230139927297,92.63910301476115,6.314017723124724,25.7526489371568,muskmelon,True
28.18692896815006,20.12319251721536,41.61202629541252,21.51003825957278,89.44976838382155,6.545578762759056,106.96895736738128,pomegranate,True
133.0,47.0,24.0,24.40228894,79.19732001,7.231324765,90.8022356,cotton,False
117.72861969565214,46.86528405029438,18.827602621517293,24.366204977173005,81.26619394030833,7.064444966216708,78.93325507747772,cotton,True
125.0,60.0,17.0,24.14386157,84.51591287,6.785723961,80.36146974,cotton,False
16.85229488167842,135.16485766293388,200.08374923893285,22.72141427022847,92.9688945282346,5.959728884246464,115.06593583503003,apple,True
15.0,28.0,32.0,28.84270971,99.64328526,6.2185718739999984,224.4016682,coconut,False
34.0,29.0,8.0,31.87859192,91.15248149,6.450640306,105.3437825,orange,False
31.0,35.0,23.0,30.30260453,47.18283631,7.707595055,68.04039813,mothbeans,False
0.0,29.0,32.0,28.05912437,98.3670985,5.868255858,171.65163959999995,coconut,False
16.0,130.0,201.0,29.12033769,82.79092939,5.682395429,68.8503047,grapes,False
21.0,6.0,41.0,24.88244467,89.39686219,7.086947687,107.1951707,pomegranate,False
4.0,20.0,25.0,28.93270187,47.94053996,5.664587011,99.9834242,mango,False
16.0,70.0,20.0,24.80467592,40.1242747,5.6093956,121.5639121,pigeonpeas,False
22.0,23.0,44.0,20.13037175,89.31505137,6.1438746910000015,107.3416913,pomegranate,False
104.3920715608328,80.91457248435205,50.384521436336094,28.154695124429598,82.22052157961528,5.974537095002437,110.98758172527188,banana,True
0.0,70.0,21.0,36.30049702,56.03021253,4.672437054,101.6073988,pigeonpeas,False
78.0,50.0,43.0,25.12417673,85.72530641,6.348441469,159.5718087,jute,False
57.192314737986344,59.41101762130466,47.362123783117184,33.56307800896899,92.60310694805845,6.813113136130287,131.76167623066817,papaya,True
12.0,8.0,10.0,16.14820285,91.4448027,7.995848977,107.4287664,orange,False
83.76613150975436,79.92016766370868,54.143636538683936,27.68738374185824,79.57318791935471,6.046830120714498,97.2919203606125,banana,True
120.0,25.0,50.0,28.05457761,94.81637388,6.327210469,21.84869328,muskmelon,False
22.0,123.0,205.0,32.44577836,83.88504863,5.896343436,68.73932528,grapes,False
39.0,9.0,15.0,25.35467646,91.81183218,7.992041984,116.7555937,orange,False
25.520845150537088,13.944352286682918,8.957808798265441,24.081333913874673,93.44395628875597,7.484811128719704,111.5032265630357,orange,True
132.0,52.0,19.0,24.16402322,76.7433897,6.436691764,61.94626051,cotton,False
4.0,80.0,16.0,29.19585548,68.01965728,7.441976825,44.93261911,lentil,False
110.0,39.0,18.0,24.54795322,75.39752705,7.766259768999999,63.88079866,cotton,False
18.39614126649427,62.85760024090808,20.824532451836998,29.857202030420293,45.0497679224566,5.612748676930676,158.32147925038456,pigeonpeas,True
8.0,127.0,196.0,27.02766138,83.17093908,5.833302165,70.95666003,grapes,False
25.41785785257529,58.74693385347129,19.658821651380382,28.273357767212374,51.599904264230574,6.376787813225064,61.817112105422815,mothbeans,True
15.674408100034356,31.210641037383787,27.573185258409325,29.553256805547043,51.1345878490171,6.354318841169708,95.5281954693831,mango,True
106.0,70.0,55.0,25.86824781,78.52399914,5.74055541,116.3019555,banana,False
8.0,28.0,30.0,25.51618488,94.33465411,6.015672239,135.1272491,coconut,False
34.0,60.0,25.0,29.78416743,85.16906976,6.79385576,40.77872823,mungbean,False
81.0,18.0,50.0,26.80750629,88.22874955,6.429788072999999,58.79889057,watermelon,False
23.25266914306463,13.111272884931882,39.216916090378085,20.91063719232081,90.15616012085785,6.8292240143429535,110.45648359435546,pomegranate,True
84.0,27.0,29.0,23.32293161,53.00366334,7.167092586,168.26442869999997,coffee,False
84.45964491160667,47.85645657145205,40.74973219716987,25.173483909919305,81.56067643746036,7.24104223279047,182.11339255452864,jute,True
45.0,57.0,47.0,23.16855863,90.78821158,6.656458831,161.68920930000004,papaya,False
86.55116484807581,46.35114668973603,39.31430038495182,22.712731804859903,82.16648862350013,6.209326883304907,218.84603581929002,rice,True
63.0,43.0,19.0,18.51816776,55.53128131,6.641906353,90.988051,maize,False
73.0,35.0,38.0,24.88921174,81.97927117,5.005306977,185.9461429,rice,False
82.0,48.0,36.0,25.79351957,81.76904006,6.352076782999999,193.2418382,jute,False
20.0,60.0,25.0,27.3254209,69.09047809,6.726469087999999,61.19250859,blackgram,False
104.0,17.0,46.0,25.7131428,80.22972777,6.190015912000001,43.08961827,watermelon,False
18.0,19.0,29.0,27.59376845,92.48519606,6.206077742000001,162.8432736,coconut,False
24.628300466721107,16.942989456944975,29.465791345183163,27.246493736378945,94.59689347909045,5.937709436553795,201.78942492781312,coconut,True
82.57973078376037,45.852354279959066,42.99958793972727,24.436181103757136,80.23867310692914,6.7247823941084475,174.0366350090779,jute,True
90.0,14.0,52.0,24.84740848,89.20454622,6.391858432,59.67927244,watermelon,False
29.0,8.0,28.0,26.87037587,91.72546257,6.100429497,214.4128874,coconut,False
103.0,17.0,51.0,25.11189154,80.02621335,6.209888345,44.20656987,watermelon,False
20.154927109505433,72.93214475086029,22.69631063432059,31.966591709081094,52.365923316489514,5.272903876026878,157.49240184669685,pigeonpeas,True
38.53573708747416,65.00731947593006,81.42758187847463,18.89309189112719,16.61836929549418,7.294424028718741,80.94525696277661,chickpea,True
5.0,74.0,21.0,16.24469193,21.35793891,5.591704013999999,66.97053257,kidneybeans,False
121.0,47.0,16.0,23.60564038,79.29573149,7.7232401510000015,72.49800885,cotton,False
9.0,77.0,17.0,20.12373284,24.45202552,5.783425416,106.158201,kidneybeans,False
46.985213122660326,66.99719931604612,17.25666788248671,29.54472250163617,65.42236747537237,7.0963102648340115,66.67514305465363,blackgram,True
22.63051197996025,16.935598713448698,32.798425843407124,25.711763199924498,92.94008873706069,5.805842144061909,170.33357649041994,coconut,True
20.0,7.0,9.0,29.47741671,91.57802915,7.1291369410000005,111.1727497,orange,False
14.0,18.0,30.0,29.80747243,52.13797867,5.191265116,95.74606104,mango,False
111.4048444120579,21.601931436662085,48.917152009442965,25.555641282505224,85.33930586727905,6.710544161239742,52.069678534676655,watermelon,True
133.0,50.0,25.0,25.72180042,81.19666206,7.569454601,99.93100821,cotton,False
28.19092096489269,67.74381161186982,79.55961321096773,18.812354373272825,16.836486741029905,7.427307639686839,83.82320734446238,chickpea,True
19.476157708214682,76.84580902925588,22.20925158631868,19.00644782016082,22.30710797038993,5.689033856683691,82.72806843831206,kidneybeans,True
86.0,6.0,53.0,25.92030221,83.47202566,6.921847887999999,42.10681516,watermelon,False
19.0,78.0,16.0,20.65375833,23.10538637,5.967533236,67.71768947,kidneybeans,False
16.0,8.0,9.0,24.60297538,91.28408653,7.601189842999999,111.2948115,orange,False
17.376233152884375,128.72374327650456,200.17009715188354,24.69200299978506,80.78268490686402,5.999047004712939,69.63259758459756,grapes,True
79.0,45.0,43.0,25.71901283,79.15532398,7.171054239,187.1735424,jute,False
5.0,8.0,5.0,11.03367937,92.22706805,6.562594972,112.7715925,orange,False
103.0,42.0,17.0,24.29470232,84.61527627,6.527541661,81.05902285,cotton,False
24.0,56.0,85.0,18.19903647,17.41333199,6.545888558,80.6405403,chickpea,False
108.59798542058289,28.120117301804868,26.474520557969868,26.004251296562128,60.49109994403835,6.854836909530188,170.67589801542744,coffee,True
90.0,48.0,45.0,24.06475727,71.31342851,6.509174788999999,153.63902119999997,jute,False
33.0,37.0,19.0,27.92678579,86.5543196,7.183189922,43.4826194,mungbean,False
6.0,18.0,37.0,19.65690085,89.93701023,5.937649577999999,108.0458926,pomegranate,False
81.0,40.0,45.0,25.7629429,80.76238215,6.427726565,174.5071843,jute,False
98.0,35.0,18.0,23.79746068,74.82913698,6.252797547999999,91.76337172,maize,False
100.0,46.0,18.0,24.18586246,76.04203958,6.4316895060000006,69.08056728,cotton,False
16.0,14.0,30.0,29.70931288,96.30484325,6.37466756,209.84539930000005,coconut,False
7.0,141.0,195.0,23.8812458,93.45067555,5.514253142,104.9116663,apple,False
23.0,65.0,20.0,23.0429097,22.42610972,5.833940084,108.3684316,kidneybeans,False
21.0,44.0,18.0,27.06909959,86.89934108,7.12851089,50.46746116,mungbean,False
120.0,40.0,33.0,24.23850608,54.30329632,6.73410539,115.1564012,coffee,False
40.0,134.03185395217784,198.93520838442726,20.468979669577774,81.32040795505084,6.165609814708568,69.0740519101305,grapes,True
21.0,39.0,20.0,27.06179658,52.3003173,7.388007482999999,60.74583498,mothbeans,False
101.0,33.0,33.0,26.97251562,62.0183627,6.908671378999999,142.8610793,coffee,False
62.0,52.0,16.0,22.27526694,58.84015925,6.9670577620000005,63.87020584,maize,False
17.0,43.0,22.0,30.06142622,45.90067655,5.498340807999999,41.0550915,mothbeans,False
59.0,62.0,83.0,18.57665902,19.22008229,8.104396057999999,72.94940441,chickpea,False
40.0,63.0,18.0,30.41588462,67.66323804,6.74441168,63.02473185,blackgram,False
19.423000469274484,128.36659998104304,197.7472863854962,32.23630434401547,82.03582229100017,6.082560521977322,69.15574911299403,grapes,True
72.35067387824002,49.05712874697723,21.21575961390028,24.047942292866562,63.28038901515241,6.438608689087509,78.67132474321353,maize,True
107.0,11.0,54.0,28.59052369,91.33617236,6.094016337999999,29.44008034,muskmelon,False
100.58452841047045,18.603856252330896,50.03385296423104,28.64040848221566,92.80415352794516,6.296053360517705,23.375511478236312,muskmelon,True
89.0,9.0,47.0,29.47156259,90.77069618,6.6683827660000015,28.75226067,muskmelon,False
15.437621224102807,44.74646844727259,20.86915139581121,28.454693928524733,85.77997003376997,6.548529919533057,46.7607976901547,mungbean,True
2.0,79.0,15.0,21.53577883,65.47227704,7.505283615,35.75107592,lentil,False
87.0,48.0,25.0,18.65396672,61.37879671,6.656730007999999,93.62039175,maize,False
111.0,5.0,47.0,28.03306461,91.47355778,6.2744528110000015,21.17924769,muskmelon,False
29.0,22.0,43.0,19.66329768,87.95158129,5.561851831,106.0380805,pomegranate,False
81.0,56.0,36.0,23.39605743,72.60512854,7.097586415,174.78764109999997,jute,False
5.0,18.0,14.0,33.105698100000005,93.48447453,7.434118807000001,119.1709113,orange,False
61.0,41.0,17.0,25.1420613,65.26185135,6.021902237000001,76.68456006,maize,False
2.0,39.0,15.0,28.07219563,82.9116472,6.478557136,49.61865305,mungbean,False
26.0,18.0,27.0,27.45907759,92.90736493,5.836075368,142.1430003,coconut,False
74.0,35.0,40.0,26.49109635,80.15836264,6.980400905,242.8640342,rice,False
75.0,54.0,36.0,26.29465461,84.56919326,7.023936392,257.4914906,rice,False
68.0,52.0,49.0,24.42561272,92.27749066,6.577192175,63.35298768,papaya,False
30.0,60.0,21.0,28.87667593,62.4901206,5.457871272999999,182.2688175,pigeonpeas,False
69.0,37.0,42.0,23.05804872,83.37011772,7.073453503,251.0549998,rice,False
4.0,134.0,200.0,28.57828803,80.95628959,5.840256272,73.34232097,grapes,False
18.0,23.0,44.0,23.71028128,89.61794165,6.184400085,105.64999070000002,pomegranate,False
54.0,77.0,85.0,17.141861399999996,17.0662427,7.8292111439999985,83.74606679,chickpea,False
93.0,83.0,46.0,29.38254012,83.50423735,5.765308943,109.2486647,banana,False
36.0,76.0,75.0,18.38120357,16.63805158,8.736337905,70.52056697,chickpea,False
17.873071533716878,20.820414821870042,39.25035603128145,21.647065759801684,90.35741991957937,6.489695750317727,108.24318976227124,pomegranate,True
22.0,28.0,26.0,27.67256197,45.41692012,4.947683034,92.84991507,mango,False
19.549584108717887,71.30902734415398,18.97955663786682,18.184201281641556,21.758336185708394,5.6218731055067215,102.78940100238748,kidneybeans,True
13.0,144.0,197.0,22.9215706,94.89613443,6.28022267,105.6941544,apple,False
26.0,27.0,10.0,28.06903173,92.91487288,6.079998496,114.1339416,orange,False
12.97620246479524,16.388794030876568,10.113093736105304,25.87207755617954,93.48576773509082,7.128922695435647,108.93195005686859,orange,True
104.63844530953658,16.403546659969294,49.02430173233966,25.421317926658944,83.39076798587297,6.775700741485474,50.50348259134828,watermelon,True
19.021134614041536,72.55068974511383,19.439736986870525,22.517927591430244,65.60304956494204,6.794737487364122,50.99776580367951,lentil,True
120.0,48.0,16.0,22.46054478,75.40989245,7.456971816,71.85436078,cotton,False
106.7282143280111,21.473103465863712,27.20889720700739,25.698472354365993,56.78291934495789,7.0639524438710115,154.01707840343852,coffee,True
134.0,56.0,18.0,23.80834611,83.91902605,6.691268104,70.97358303,cotton,False
59.0,62.0,49.0,43.36051537,93.35191636,6.941496806,114.778071,papaya,False
80.0,26.0,55.0,24.53442564,88.989272,6.140099215,49.11618732,watermelon,False
21.0,137.0,196.0,23.6119202,91.70293849,5.812781806,123.5900822,apple,False
28.0,45.0,23.0,29.65021184,80.29868321,6.489259136,56.76278363,mungbean,False
31.10655375842748,22.266020507579157,29.0887457047987,28.57639387861764,94.13108300755478,6.126831784927242,176.68850803180703,coconut,True
99.0,6.0,46.0,28.61475136,94.22253035,6.39637861,28.98574189,muskmelon,False
70.0,44.0,19.0,23.31689124,73.4541537,5.852607099,94.29712821,maize,False
35.98297533753528,64.5569348531263,80.70102236748129,17.97462068813969,17.194011343900023,7.37803567557109,79.47330988889297,chickpea,True
14.0,29.0,32.0,35.63627319,48.97047762,6.942520105,97.51952041,mango,False
69.73320282703385,48.46702242586143,41.881183979326394,25.67105922795512,78.46503725174212,6.992763596770969,181.78721779580542,jute,True
32.0,60.0,83.0,19.69141713,19.44225438,8.829273328,91.76071648,chickpea,False
99.0,54.0,37.0,21.14347496,80.33502926,5.5948196260000005,198.6730942,rice,False
20.559717498732613,46.91010255091775,16.38274128265813,28.433375541110532,85.2756899512059,6.700989011676852,53.442283468163176,mungbean,True
70.0,42.0,43.0,23.16814977,76.66724969,6.508342839,157.1215052,jute,False
106.0,21.0,35.0,25.627355,57.04151119,7.4285236339999985,188.5506536,coffee,False
6.0,36.0,22.0,24.21610338,59.79236306,8.869532817,42.24783476,mothbeans,False
79.0,51.0,16.0,25.33797709,68.49835977,6.586244581,96.46380213,maize,False
82.0,24.0,33.0,26.53543168,67.09608099,6.809593554,120.6494434,coffee,False
21.0,134.0,202.0,10.72302459,80.02130636,6.425419926,65.29821120000001,grapes,False
74.5459955907636,44.074952857686455,39.26017481811158,25.742051101603177,81.46280088413965,6.736377244222008,171.31703577416044,jute,True
112.0,54.0,15.0,25.46228792,81.56641891,6.1754923060000015,76.88582484,cotton,False
92.50803781084855,44.16160408193265,39.149348218556504,24.776979120418975,78.28984201139495,6.534147529579508,153.96447974272002,jute,True
10.935612480583922,12.43895883009542,31.904217626866046,27.597032446480668,95.39761741587905,6.243987641367155,182.59131746937527,coconut,True
67.0,46.0,44.0,26.82489244,78.20392774,7.093328631,153.91998069999997,jute,False
22.0,62.0,16.0,34.6455408,54.32342534,4.828936119,180.9009998,pigeonpeas,False
33.0,15.0,7.0,15.83388699,91.68293851,7.651225301,109.7571416,orange,False
31.935288952699857,48.33452398390619,16.672772389412454,28.09108230488985,62.741286401558824,7.637831598593116,45.62334471740144,mothbeans,True
49.73929312910231,65.45717463853919,83.2802446260498,18.740987637557243,15.767327043168509,7.364963848745915,75.78394298764408,chickpea,True
118.35985682296486,38.862364253252174,19.982734093430288,23.385025351450217,80.14801300664482,6.423106055521562,83.44668374879075,cotton,True
70.0,50.0,53.0,37.4620912,90.44967809,6.933809742999999,172.3458448,papaya,False
5.0,15.0,38.0,18.26233221,88.16779129,5.709380472,108.0756727,pomegranate,False
32.0,18.0,13.0,13.8377282,91.74780462,6.044167236,107.9873218,orange,False
112.0,73.0,48.0,29.244063800000006,77.32017166,5.7074889870000005,90.66727868,banana,False
93.0,91.0,47.0,27.84767901,83.31110751,6.101241579,117.2878912,banana,False
14.0,74.0,15.0,27.99990346,65.57653373,6.493036868,49.94043064,lentil,False
108.0,22.0,46.0,26.17668721,86.72952049999998,6.121168559,53.33484977,watermelon,False
41.22211286693395,62.26809381637922,21.369953613107224,31.64955949062751,64.76511263531657,7.201651043334946,62.84237068208619,blackgram,True
25.0,76.0,24.0,15.33042636,24.91506728,5.56503533,135.3315583,kidneybeans,False
91.0,25.0,26.0,24.53460016,66.99765375,7.482414225,180.5059257,coffee,False
97.0,50.0,41.0,24.52922681,80.54498576,7.070959995,260.2634026,rice,False
37.0,73.0,21.0,29.50304807,63.46513414,5.560224582999999,189.5208915,pigeonpeas,False
36.0,56.0,20.0,25.4123765,49.66474269,7.437078236,31.87416982,mothbeans,False
48.0,61.0,21.0,30.28496619,61.69295127,6.628264883,65.62859526,blackgram,False
75.0,38.0,39.0,23.44676801,84.79352417,6.215109715,283.9338466,rice,False
36.0,43.0,22.0,27.82684262,87.16679147,6.3898821660000005,58.37249772,mungbean,False
31.0,55.0,22.0,22.91350245,21.33953114,5.873171894,109.225556,kidneybeans,False
51.26117963468466,64.67018534364931,49.77383594345645,37.41696815802911,92.80066511563554,6.633342887258555,107.14091268960817,papaya,True
25.0,129.0,195.0,17.98667801,81.17712085,5.777271492000001,72.37127689,grapes,False
18.765917059557406,28.750140656196052,30.819896555773113,30.11227153340211,51.145700835836976,5.8062596480324915,92.60779701705825,mango,True
33.0,60.0,15.0,28.95172351,81.67085323,6.510840928,56.51103293,mungbean,False
67.0,41.0,40.0,25.84879500000001,87.81661683,7.333143205,152.6194403,jute,False
33.0,120.0,205.0,35.12158265,82.26890793,5.550832177999999,69.71518491,grapes,False
119.0,90.0,48.0,28.66725136,79.59242542,5.986442306,118.2583441,banana,False
23.0,59.0,19.0,21.98560799,24.87304788,5.852046999,129.5650601,kidneybeans,False
74.0,39.0,38.0,23.24113501,84.59201843,7.782051312999999,233.0453455,rice,False
93.0,41.0,17.0,25.6217169,66.50415474,6.047906679,105.4654703,maize,False
101.0,92.0,45.0,28.22776705,80.64303840000002,5.758054257,98.00403016,banana,False
48.08996427326309,65.22597949603036,18.22520047290528,30.70017612077822,66.18588422251203,7.217417586902929,64.35772509632885,blackgram,True
109.78650282117857,76.69527782971646,50.714387251496326,26.63366314448258,81.02399937280978,5.966153890193238,96.02341699722241,banana,True
31.0,29.0,26.0,28.22373428,47.40519056,5.024124683999999,97.76832322,mango,False
100.24676055683616,16.588218076039556,53.9848190439895,28.31122290754033,92.56701407460795,6.271958959876438,27.166607366466913,muskmelon,True
35.49965247287129,62.76150306164761,20.572323430547627,30.44257998643303,68.45207494610706,7.212218742788756,68.69526215093069,blackgram,True
24.0,14.0,33.0,29.38072512,93.27565685,6.366219551,218.5241851,coconut,False
49.0,54.0,50.0,25.62446619,93.18240298,6.762522087000001,97.26336657,papaya,False
39.0,24.0,31.0,33.55695561,53.72979826,4.757114897,98.67527561,mango,False
109.0,36.0,18.0,25.40059227,76.53237965,7.524707577,62.51388670000001,cotton,False
28.0,48.0,15.0,25.16125354,55.25435777,9.254089438,40.89732789,mothbeans,False
39.5724427005131,68.66531552042133,19.321523234221583,28.945089016640576,66.37793067488346,7.271679534474374,67.55015210156209,blackgram,True
102.0,24.0,54.0,27.72338349,90.93897939,6.698468621,22.81863447,muskmelon,False
72.94603955134868,47.05756077462418,15.813359689174614,21.556643846896115,63.663560100736966,6.034807998739357,86.05440176072894,maize,True
10.0,56.0,16.0,28.17432665,81.04554836,6.828187498999998,36.35720652,mungbean,False
102.0,11.0,47.0,27.98780984,92.78226196,6.504906978999999,27.14509034,muskmelon,False
104.27839640328195,21.073915343832486,29.869976572077338,27.041244253339308,59.25620319934838,6.804472668577551,165.1083977255167,coffee,True
72.0,40.0,38.0,20.41447029,82.20802629,7.592490617,245.1511304,rice,False
102.38383495412496,16.391413336676024,49.12036164954806,27.721494979426858,93.07183578152804,6.410702459984119,24.441448901429343,muskmelon,True
37.0,50.0,23.0,29.65296893,88.48587386,6.5304707,56.01913159,mungbean,False
81.0,45.0,35.0,26.52872817,80.12267476,6.158376967000001,218.9163567,rice,False
31.0,48.0,17.0,28.88078945,86.94206817,6.594739424,53.79732545,mungbean,False
18.0,12.0,35.0,26.13958446,96.38580769,6.338720873,131.3387935,coconut,False
54.0,62.0,80.0,17.48911699,16.39055394,7.489545074,79.45758333,chickpea,False
57.0,57.0,51.0,39.01793345,91.48815629,6.99223441,105.8841531,papaya,False
27.0,56.0,20.0,19.25975367,20.51346956,5.542690119,94.9533526,kidneybeans,False
33.0,77.0,15.0,23.89736406,66.32102048,7.802212437,40.74536757,lentil,False
115.0,48.0,16.0,25.54359718,84.09229796,7.175934962,88.94245493,cotton,False
106.0,46.0,20.0,23.43821725,78.63388824,6.2006719760000015,81.15072105,cotton,False
15.016181894582393,17.291473981498715,31.080291791213735,26.86077699881349,94.87998029315467,6.058614606353682,184.79640698171775,coconut,True
25.0,68.0,19.0,29.39982732,64.25510719,7.1084501210000015,67.47677295,blackgram,False
87.0,28.0,30.0,25.60153969,68.66257977,6.536676653,168.8383605,coffee,False
14.91669040670322,16.22136357132076,40.35999545603282,22.948069303994902,93.35733494203583,6.058701798041575,107.98495345021065,pomegranate,True
83.0,60.0,36.0,25.59704938,80.14509262,6.903985986,200.834898,rice,False
119.0,30.0,28.0,26.35770906,64.57578034,6.5052036960000015,163.62694960000005,coffee,False
36.0,67.0,77.0,18.36952567,19.56381041,7.152811172000001,79.26357665,chickpea,False
94.0,5.0,55.0,28.5854649,91.89216849,6.085682343999999,26.88372572,muskmelon,False
91.0,21.0,26.0,26.33377983,57.36469955,7.261313694,191.6549412,coffee,False
69.0,46.0,41.0,23.64124821,80.28597873,5.012139669,263.1103304,rice,False
38.0,6.0,25.0,25.54963273,96.92786777,6.156259104,191.2996157,coconut,False
114.90116295583,46.75961998742181,15.874658909952126,24.123437412597866,82.7463170085563,6.770484156800946,81.85709955872377,cotton,True
28.733247698962607,133.5911877883978,198.73443230633524,22.538331627003082,92.51022984287853,5.9534060082080265,108.80358295752876,apple,True
86.0,55.0,21.0,21.54156232,59.64024162,6.803931519,109.7515385,maize,False
55.0,77.0,22.0,31.4345059,62.99303471,7.76061831,64.77651469,blackgram,False
80.0,18.0,31.0,24.02952505,58.84880599,7.303033217,134.6803969,coffee,False
111.0,27.0,31.0,23.59302313,55.27564977,6.0433309510000015,191.3980675,coffee,False
34.0,60.0,16.0,31.35730791,64.24992106,7.322555222999999,63.85668948,blackgram,False
36.0,44.0,21.0,25.12528913,51.33189406,4.516154055,38.48678973,mothbeans,False
117.0,86.0,48.0,28.6956201,82.54195839,6.225225238999999,116.1616839,banana,False
18.324434431077773,28.34146717749299,30.11307446670046,30.870185440863153,48.03937057958423,5.246650735360544,93.7298391960162,mango,True
75.0,53.0,18.0,20.68899915,59.4375337,6.864793607,103.651438,maize,False
57.0,60.0,84.0,19.1034283,17.26184541,6.586777189,75.49101167,chickpea,False
92.0,21.0,48.0,25.81692236,82.043255,6.377427122,54.82963379,watermelon,False
90.0,40.0,39.0,25.72668885,81.86171563,6.626503893,191.9649389,jute,False
32.0,70.0,20.0,20.89342749,46.24856523,6.208843215,195.5697875,pigeonpeas,False
91.0,7.0,52.0,25.07803672,83.46230461,6.405054243,56.39962921,watermelon,False
113.0,15.0,29.0,27.09617155,63.55324262,6.779230041,190.2440566,coffee,False
88.0,29.0,51.0,24.71885473,88.94568335,6.095689937,48.45978627,watermelon,False
11.989215790770142,16.00755140195194,40.32246560822774,20.794916585577862,89.40007148426803,6.128041511638125,107.77615878628993,pomegranate,True
103.0,33.0,25.0,27.10210397,55.74973320000001,6.911066044,139.5013171,coffee,False
36.0,61.0,21.0,34.53823889,39.04468913,5.617008201,168.5948318,pigeonpeas,False
120.0,23.0,28.0,25.67324193,51.29043632,6.877799264,196.2736367,coffee,False
7.0,40.0,17.0,31.2123945,40.92604945,8.532078732999999,53.78769958,mothbeans,False
11.835926259187897,30.772528307562695,29.401409492689105,32.354032445513155,49.0345304683751,5.828663590562001,95.29210958568315,mango,True
100.3216444226712,18.65296045231662,53.44576330427104,28.80787027022237,90.55317748562244,6.396578309980588,24.742491603976784,muskmelon,True
29.0,17.0,29.0,29.20394909,95.66997327,5.959493188,211.2506267,coconut,False
28.0,65.0,23.0,28.38686534,61.88871127,7.405176138,74.24459122,blackgram,False
14.0,67.0,22.0,23.82576704,24.75485098,5.624690247999999,84.64143632,kidneybeans,False
28.0,58.0,81.0,17.47500984,16.54314829,6.18042747,93.35034262,chickpea,False
68.03286320272049,47.04549326516864,20.91382139128492,24.649984679874077,67.22303996647491,5.942227233155377,82.9606415742393,maize,True
100.0,52.0,19.0,23.45969093,82.44777468,7.903528672999999,93.50153555,cotton,False
41.0,69.0,82.0,20.02381489,16.63294455,6.715587232000001,68.97806542,chickpea,False
37.0,62.0,17.0,25.68576704,69.84354028,7.121254928,74.62068748,blackgram,False
97.0,22.0,26.0,23.60567546,59.68849145,6.074190142000001,185.1568059,coffee,False
17.0,64.0,16.0,30.97758716,32.24914235,7.161797643,180.716828,pigeonpeas,False
14.0,37.0,15.0,27.96235681,83.97586797,6.581351374,48.9366954,mungbean,False
52.0,68.0,78.0,17.48504075,16.96070581,6.89655198,86.05078037,chickpea,False
18.92409573180804,134.15162210567897,198.47357573246666,22.99475090181316,92.90060747363789,5.93854180181927,116.65816818745469,apple,True
2.0,129.0,201.0,22.78234161,94.36803516,5.682343744,122.1449949,apple,False
88.0,21.0,27.0,24.43011925,66.02411187,7.231166546,181.6368274,coffee,False
60.0,58.0,37.0,26.13871511,79.1188943,6.067302109,171.4892533,jute,False
28.751441715415552,69.15994132118995,21.712757966451154,28.84820902362898,48.32983062453571,5.6798838408977295,155.5129349348371,pigeonpeas,True
23.47007395679968,73.00927985575916,18.137879750065995,24.49421778333591,62.2724295437537,6.582222033339516,48.63221492843046,lentil,True
90.73817795470492,14.608956615616691,52.14183018933209,28.695268203873965,92.68227148347933,6.328542938271834,23.775229011771174,muskmelon,True
5.0,62.0,23.0,27.9348279,66.45457122,4.722222454,145.3728801,pigeonpeas,False
95.0,30.0,52.0,29.48069921,90.33698678,6.640470862999999,26.0365768,muskmelon,False
59.0,55.0,19.0,31.74379487,62.51007687,7.332375138,68.97097538,blackgram,False
121.1345752357327,46.5632035730683,19.908006930693023,23.842054144555753,82.09855569266502,6.630232155482424,77.09970506496137,cotton,True
19.82130861337575,18.768195267840554,26.788553234439526,31.380487401866112,49.663111324783436,5.377309812010986,94.81390783913587,mango,True
84.0,40.0,42.0,26.2830571,73.35763537,6.704273839,186.6898282,jute,False
136.0,36.0,20.0,23.09595631,84.86275707,6.925412377000001,71.29581071,cotton,False
33.0,31.0,34.0,31.32995611,50.22287593,5.421265282999999,89.78216168,mango,False
61.0,53.0,43.0,26.40323239,81.05635517,6.349606327,223.3671883,rice,False
18.397888263035735,68.82273777515813,18.905998223761596,23.031562375312536,62.649217741120964,7.101737969122344,43.47401603492957,lentil,True
95.0,7.0,45.0,27.30008597,90.80015308,6.031665834,25.09484511,muskmelon,False
22.0,16.0,27.0,29.1797902,90.27214288,6.006784979,188.9252083,coconut,False
37.0,23.0,12.0,31.52675982,90.50621806,6.395258356,113.1169398,orange,False
89.0,47.0,38.0,25.52468965,72.24850829,6.002524871,151.8869972,jute,False
20.0,72.0,15.0,36.00415838,56.01334416,7.313517308,134.8596466,pigeonpeas,False
0.0,55.0,25.0,28.17489437,43.6672299,4.524171562,45.78172762,mothbeans,False
10.0,79.0,18.0,21.0643684,55.46985938,5.624731337999999,184.6226709,pigeonpeas,False
29.0,68.0,23.0,24.1638445,19.27907819,5.82738029,116.7324324,kidneybeans,False
28.28369496305043,132.89035160434346,201.39126389022567,28.089893649907513,81.40171884762368,5.756283244904577,71.88983834644921,grapes,True
99.0,19.0,33.0,27.536454700000004,55.51673151,6.273741983,130.6377143,coffee,False
15.0,14.0,8.0,10.01081312,90.22399223,6.22094286,119.3941064,orange,False
21.39769254073339,73.51181471547277,19.219374684372443,27.74790395601267,40.91323849400561,6.469698724789443,148.08314542458143,pigeonpeas,True
39.0,37.0,15.0,28.9973145,83.78911515,6.821747052,59.84499208,mungbean,False
40.0,126.0,201.0,11.36300891,80.03100049,6.116982944,71.18289431,grapes,False
93.0,58.0,38.0,20.61521424,83.77345559,6.932400225,279.5451717,rice,False
12.0,58.0,23.0,21.74600081,63.39503184,6.765091462000001,50.43306085,lentil,False
86.90977085026692,12.280023114181862,49.86703887095525,28.459610492960284,91.3461270109948,6.583934063745169,25.123444808045075,muskmelon,True
26.68462474418872,49.693546862673244,21.64355663665479,29.02401296472603,51.6234821914043,5.579894757672731,54.0886222471882,mothbeans,True
32.0,130.0,196.0,40.66012294,81.24995984,6.372959542,74.03030056,grapes,False
60.0,68.0,83.0,19.12065218,18.43475844,6.620900869,85.52950164,chickpea,False
116.0,38.0,34.0,23.29250318,50.04557009,6.020947179,183.468585,coffee,False
22.0,80.0,20.0,23.00884744,18.86880997,5.669560726,100.118612,kidneybeans,False
10.0,9.0,28.0,29.01256899,94.01014388,6.282955072999999,150.05003119999995,coconut,False
22.309520267112774,71.04408175549617,18.42369874404996,22.773401553441214,63.97152155322031,6.757433658335946,47.894773506000796,lentil,True
74.69146521301037,48.52296799946766,38.62107340835828,23.49814174574944,82.50103294642919,5.115346068383469,277.52409242216925,rice,True
83.50228833524937,39.989122110320764,18.662941569786835,21.853707012995603,69.84248445828494,6.4037839180766465,80.43572820915239,maize,True
23.26087953528105,50.43383239051441,21.239673301971127,26.513017945042563,52.352332961401125,5.324472717049948,68.01776957238724,mothbeans,True
68.0,58.0,38.0,23.22397386,83.03322691,6.336253525,221.2091958,rice,False
127.0,37.0,18.0,24.87663664,76.30050373,7.041065585,91.9223468,cotton,False
30.0,25.0,31.0,26.31270635,98.62048026,5.804965067,208.1181381,coconut,False
27.0,64.0,21.0,32.84213012,68.68401492,7.543804222999999,73.67166182,blackgram,False
56.0,67.0,78.0,17.57445618,16.71826572,8.255450758,77.81891424,chickpea,False
22.0,17.0,5.0,24.12188673,90.72351622,6.945562889,102.835632,orange,False
9.0,69.0,20.0,19.30607278,23.96362799,5.591560999,129.3449326,kidneybeans,False
40.0,144.0,196.0,22.71750705,92.25479855,5.987262638,107.0289866,apple,False
12.0,29.0,40.0,19.68291173,89.75272999,6.594037135,111.2818551,pomegranate,False
77.0,52.0,41.0,23.89069041,83.46409075,6.097294061,167.72306319999996,jute,False
119.13969950437894,49.443763342212804,18.669626633455675,23.639058553768074,78.02149643775394,6.578873067482788,70.12994735894736,cotton,True
15.0,125.0,199.0,18.426993600000007,80.55625868,5.569230319,69.75734306,grapes,False
131.0,38.0,19.0,23.86814008,75.68339729,6.814341946,90.4547185,cotton,False
49.0,72.0,15.0,31.55846339,67.83563765,7.137004749,74.86960831,blackgram,False
62.0,42.0,36.0,22.78133816,82.06719137,6.430010215,248.7183228,rice,False
12.0,71.0,19.0,24.91079638,60.71367427,7.142611056000002,42.19740397,lentil,False
9.0,49.0,16.0,30.88482722,41.36561835,7.661537347999999,55.053805,mothbeans,False
16.271065236916822,67.4616149816832,19.141177894524827,20.463638985976456,20.575297065672046,5.736345166241079,111.79242798663316,kidneybeans,True
117.0,30.0,50.0,24.90123934,87.20772913,6.744966312000001,46.59207341,watermelon,False
34.0,34.0,35.0,27.27433181,47.16808054,6.422710539,95.257992,mango,False
92.0,81.0,52.0,27.39341554,81.4654833,6.438137278999998,94.31102057,banana,False
11.0,61.0,21.0,18.62328774,23.02410338,5.532100554,135.33780330000002,kidneybeans,False
4.0,41.0,20.0,28.14720892,83.8001509,6.647965508,37.44800463,mungbean,False
34.0,59.0,18.0,23.38002569,21.98879437,5.744117663,87.66898664,kidneybeans,False
40.0,29.0,42.0,24.63228709,89.01574455,7.104094929,110.6956184,pomegranate,False
82.0,23.0,49.0,26.81383586,87.21986949,6.873283991,51.70497792,watermelon,False
116.0,71.0,47.0,27.57278064,82.0638878,6.435785799,91.34276507,banana,False
3.0,60.0,19.0,25.74679443,40.7192594,4.820788186000001,100.7791633,pigeonpeas,False
110.0,7.0,45.0,26.63838589,84.69546874,6.189213927000001,48.32428609,watermelon,False
49.47779904646581,57.06028217908842,48.99104371256081,35.06648718611089,93.16863762109439,6.716152903512822,167.76443392095152,papaya,True
19.0,122.0,202.0,23.34467359,90.37981478,5.811975094,112.8954016,apple,False
39.0,127.0,202.0,15.3246651,81.67215994,6.477768039,71.60102999,grapes,False
93.0,43.0,38.0,23.61475336,86.14290267,6.987332927000001,150.2355238,jute,False
2.0,140.0,197.0,22.69780133,92.82223419,5.53456749,105.0508234,apple,False
43.165787008294885,57.139889713950694,50.4612581399329,31.756267742221727,92.20568546128091,6.773959604244443,131.39795540882335,papaya,True
32.0,120.0,204.0,10.38004759,83.44518113,6.138958698,67.39173790000001,grapes,False
31.0,26.0,9.0,11.69894639,93.25638873,7.566165721,103.2005992,orange,False
8.0,133.0,195.0,20.46657776,80.97598029,6.456079585,71.29813872,grapes,False
21.013458623831948,15.424333733544332,11.167136808530888,25.95496533718382,91.91298906621124,7.112138969524365,113.84957981859091,orange,True
81.0,41.0,38.0,22.67846116,83.72874389,7.5240800760000015,200.9133156,rice,False
20.0,30.0,27.0,27.81005614,51.59445462,4.74910393,95.89898581,mango,False
39.0,78.0,15.0,21.35499456,62.60136323,5.925391795,41.78219834,lentil,False
7.0,21.0,35.0,25.76011662,94.65830608,5.764812076,131.24514140000002,coconut,False
23.258215444353727,130.1927457479703,196.34987504990292,22.74169511593953,91.74052485662152,5.873811589074698,110.48092196428647,apple,True
22.82994756911538,29.27177304531094,28.314949615617962,31.886443273272214,48.23566928132249,5.546261170087801,96.50020720059425,mango,True
116.0,23.0,25.0,23.4123707,52.26994674,6.869720196,139.3670753,coffee,False
64.0,35.0,23.0,23.02038334,61.89472002,5.680361037999999,63.03843397,maize,False
2.0,38.0,33.0,32.38697531,53.2328243,4.691396195,90.21633216,mango,False
25.0,17.0,40.0,18.91251245,87.74938524,6.608023872,111.28005159999998,pomegranate,False
8.0,23.0,44.0,18.47412402,89.68919664,7.130837931,108.4758509,pomegranate,False
4.0,61.0,21.0,24.84063998,60.09116626,6.75020529,48.77790371,lentil,False
2.0,120.0,203.0,23.12652652,94.71203306,5.893492998999999,108.62118329999998,apple,False
32.0,141.0,204.0,8.825674745,82.89753705,5.536645599,67.235765,grapes,False
29.0,54.0,16.0,27.78031515,54.65030015,8.153022903,32.05025323,mothbeans,False
103.92228029121183,22.149492212325594,52.8717385755215,25.678209817500367,86.00944412018298,6.474172262256376,52.33516340435895,watermelon,True
24.19681699872377,12.220743252367825,32.5820405094793,28.27295181145451,96.13315974800183,5.758715819428114,187.90471179179906,coconut,True
102.0,53.0,21.0,23.03814028,76.11021529,6.913678684,91.49697481,cotton,False
101.25112093038143,27.99863009100624,27.551779301503245,25.918426106281547,51.82238242199486,6.925541372357281,138.8964012273943,coffee,True
116.0,52.0,19.0,22.94276687,75.37170612,6.114525877,67.08022574,cotton,False
99.0,6.0,45.0,26.12588914,86.5507939,6.000975617000001,40.71210074,watermelon,False
39.0,70.0,15.0,20.76774783,63.90164154,6.366355781,47.9271552,lentil,False
15.0,77.0,20.0,25.13163619,66.92642362,7.399749291,49.04015558,lentil,False
9.004164921168858,21.044508040249603,41.91564087491081,21.74672865912243,90.69804856685761,6.312563563563817,106.30404283233888,pomegranate,True
24.0,30.0,11.0,32.39523995,94.51768464,6.601395755,113.25373,orange,False
82.23397189227448,45.76949676985573,19.564635539252496,21.28513260523603,61.69023839079606,6.314014440146499,86.20910677007032,maize,True
9.330606873067786,67.38673518838264,18.723580243286836,21.23176742293644,66.36105929447972,6.853671809326805,47.76361520257234,lentil,True
19.279917486216306,67.46466118964467,19.032871425484462,21.013318320094093,23.161471197645202,5.7156920034082,112.25437630196714,kidneybeans,True
34.0,47.0,19.0,27.31372793,85.44815232,6.568795403999999,53.15223123,mungbean,False
86.0,37.0,16.0,20.51716779,59.21235483,5.561510732,67.61013737,maize,False
60.0,43.0,44.0,21.01944696,82.95221726,7.416245107000001,298.40184710000005,rice,False
21.006262876042815,72.66944738606139,21.221085267802913,25.23935455208022,44.513365963354644,5.999639173879384,139.16383510356002,pigeonpeas,True
55.0,66.0,22.0,30.91219459,68.79427388,7.747775262999999,66.63830637,blackgram,False
93.0,53.0,38.0,26.92995077,81.91411159,7.069172227,290.67937830000005,rice,False
68.62528927001784,49.58652446933575,41.292029455321874,26.257222009872972,81.99538795477777,6.218419159230827,217.1590779066337,rice,True
2.0,123.0,198.0,39.64851881,82.21079946,6.253034534,70.39906054,grapes,False
82.06644902995146,50.900729267568835,39.91545278184378,23.7964392058118,81.58403345058959,6.3623327285077185,177.1208919717452,jute,True
78.27534466186509,43.71142560549626,19.619681968099155,23.807325767362936,61.545746731843025,6.202591571732821,92.73310768450837,maize,True
11.0,6.0,25.0,28.69164799,96.65248672,6.081568052000001,178.9635457,coconut,False
24.0,33.0,35.0,29.26382931,54.82257868,5.342866119,100.7586226,mango,False
83.0,29.0,52.0,25.76402693,87.5931128,6.704688865,46.05122728,watermelon,False
50.0,56.0,76.0,20.99502153,19.8601304,7.966605025,73.50734019,chickpea,False
40.0,49.0,17.0,31.02215872,45.89239456,6.68727523,53.56783314,mothbeans,False
32.0,25.0,9.0,10.35609594,93.75652041,7.796034006,101.1456947,orange,False
33.0,61.0,24.0,20.04611791,48.93905624,4.567446499,122.4564203,pigeonpeas,False
88.39240027948597,41.3833509308829,41.69247709150605,24.35495345128103,79.92206273597228,6.678631155560288,167.5701722120795,jute,True
10.0,24.0,27.0,27.57283516,94.90485697,5.7084096010000005,145.9298935,coconut,False
110.0,21.0,54.0,26.73690828,87.82430156,6.747537642,47.46447019,watermelon,False
7.0,144.0,195.0,22.96388477,93.58065995,5.85648105,104.64729859999998,apple,False
25.592503379085795,20.080075562202953,30.213517363182877,25.691090549086585,93.50591766683102,6.153873422537064,134.74966009691963,coconut,True
22.74048324685029,42.80341910383029,18.257622527201328,28.486171144365308,86.21801773682611,6.876059004228297,50.56386555513307,mungbean,True
84.0,37.0,42.0,25.49674786,81.13449097,6.691074249,169.92882340000003,jute,False
26.0,121.0,201.0,22.19109412,90.02575116,6.162034371,112.3126628,apple,False
3.0,136.0,205.0,17.5862944,80.84806564,6.334771461,71.40654520000002,grapes,False
119.0,5.0,55.0,29.68846716,94.30111601,6.168757984,26.83924845,muskmelon,False
19.38017783162938,130.0545367948327,200.1876755964395,22.721955428221055,93.32460506614464,6.041956826462284,113.92220423475455,apple,True
21.372612267667993,68.15295418671141,21.662173076239714,18.70347188405448,21.79575658112418,5.843072165135129,83.27322377399449,kidneybeans,True
14.0,19.0,14.0,17.68408797,94.35815354,6.699164936,108.0638166,orange,False
22.0,18.0,33.0,30.41235793,52.48100602,6.621623545,93.92375879,mango,False
21.0,135.0,198.0,23.86087054,94.92048112,5.7650151260000015,105.0241329,apple,False
13.0,7.0,43.0,18.20230419,91.12282162,7.013481515,109.66239740000002,pomegranate,False
26.0,67.0,16.0,29.10713092,67.90577375,7.17620823,67.83345933,blackgram,False
31.0,79.0,75.0,18.8202251,16.1074793,8.204862075,89.73119396,chickpea,False
41.0,78.0,21.0,25.19857725,60.37332688,6.581313137,70.88787207,blackgram,False
101.35132770827792,17.657917646576355,49.79192303281745,26.631460380218943,87.08957432057863,6.394317775927765,49.98356832039089,watermelon,True
26.0,18.0,30.0,32.06097197,51.08494181,6.336234623999999,96.59816497,mango,False
70.0316385319065,45.18383653481442,20.135802696204916,24.017561187747198,69.49475003089167,6.4060383248182955,87.00029104917006,maize,True
118.50608501313154,44.095373291260664,18.722529239373493,24.333234713913654,77.80180183260849,7.241097606121918,72.54876934572809,cotton,True
17.0,134.0,204.0,39.04071989,80.18393287,6.499604931,73.88467027,grapes,False
104.0,80.0,54.0,27.09062164,81.33506906,5.879119455,110.1331182,banana,False
108.0,35.0,25.0,23.98143338,61.10935084,6.971963169,161.5279095,coffee,False
91.0,75.0,55.0,27.48612983,76.11239849,6.212369363,109.2768851,banana,False
8.0,38.0,32.0,29.75150773,46.73723302,4.981816523,91.405983,mango,False
114.0,8.0,52.0,29.34081108,94.5513539,6.419083092,28.22908103,muskmelon,False
73.53302688825663,42.687068867890325,39.25785175190145,24.84975934825116,77.86577987311787,6.864161195912704,171.4297986049599,jute,True
36.0,65.0,16.0,25.71269843,64.1123333,7.692013657,50.17067771,lentil,False
89.0,60.0,17.0,25.37548751,57.21025565,5.983952675,101.7004306,maize,False
80.14254934959065,46.25147325001076,37.132292241982455,24.148657768346965,82.74179161665086,5.740669161988324,255.63370745644835,rice,True
13.0,74.0,25.0,24.12192608,61.09533545,6.461618577,44.23629285,lentil,False
50.0,58.0,23.0,27.81326852,62.50460464,7.596802025,69.75555541,blackgram,False
49.14212774572147,58.4497084807208,51.317309490814516,27.81687395491322,93.22857178227153,6.801900267190581,182.94149889881197,papaya,True
26.23053287104037,131.54253862715947,200.2123757195231,24.373193922625042,82.00182473893528,6.14114764234668,70.43115701600718,grapes,True
52.0,73.0,79.0,17.25769499,18.74943955,7.840339388999999,94.00287214,chickpea,False
97.0,36.0,45.0,22.2286982,81.85872947,6.939083505,278.0791793,rice,False
14.583191256264195,128.74206621286396,201.18839095260353,26.27412339378719,81.93541125341586,5.858467044200404,70.74363260138837,grapes,True
27.0,65.0,18.0,20.10993761,23.22323766,5.59503163,73.36386477,kidneybeans,False
18.763171422709615,60.16253046835376,19.940358996926353,27.73804215472062,67.11781100736818,7.430771668187768,42.80831382949787,lentil,True
19.870847166411455,134.05410335248416,198.8027673828867,22.815483267366574,92.00157457315493,5.7648608827476755,108.11619331467905,apple,True
26.324099473287774,15.313454606262134,8.393540347256788,23.958342811127356,91.93661714122219,6.971986117969201,109.64091527432232,orange,True
30.0,63.0,16.0,23.60506572,21.90539577,5.5259045260000015,100.5978728,kidneybeans,False
84.0,25.0,52.0,24.37190239,81.2514818,6.12532356,44.20899581,watermelon,False
7.527203973552421,65.87508185960874,17.816665998194942,21.362343271470046,64.97648014001611,6.311977549828397,41.9565076608399,lentil,True
133.0,47.0,23.0,24.88738107,75.62137159,6.827354668,89.76050416,cotton,False
4.0,59.0,22.0,29.33743412,49.00323081,8.914074888,42.44054315,mothbeans,False
111.0,32.0,34.0,25.46743689,69.35161206,6.392048018,171.37644619999998,coffee,False
40.0,143.0,201.0,24.97256132,82.72828653,6.476757723,66.70016285,grapes,False
24.0,6.0,32.0,28.11321494,90.01734526,6.387067562,172.48136409999995,coconut,False
14.0,59.0,22.0,23.82723528,67.89815262,6.76660668,46.90725077,lentil,False
21.555759383214255,20.23621080849097,40.228744423424885,20.13776428224719,89.24960024471191,6.329074459867687,106.94460403207609,pomegranate,True
33.33967690574967,63.395958952266156,78.13684275093853,19.041839569815036,17.926101027408155,7.164177832322569,70.12178769532176,chickpea,True
16.0,143.0,204.0,23.71475278,91.53331177,5.631333387000001,121.8961665,apple,False
99.0,57.0,35.0,26.75754171,81.17734011,5.960370061,272.29990560000005,rice,False
19.426438133119433,66.920062466042,19.386801725696017,23.53968454334374,22.207777295649265,5.715734113541802,111.99716013967313,kidneybeans,True
113.0,33.0,34.0,26.00373964,62.144510200000006,6.559817161000002,153.477776,coffee,False
27.208560153760562,70.71001071073162,21.825197373118897,24.411013252612634,68.31298753735103,6.794625854995098,43.52172511154126,lentil,True
14.0,8.0,43.0,21.92513945,94.46485312,7.051654924,111.71620159999998,pomegranate,False
5.0,136.0,195.0,22.35628673,91.92360477,6.264202804,107.7697413,apple,False
30.0,17.0,31.0,31.20478173,54.49960506,6.804437106,94.62954663,mango,False
33.216364714405735,140.62329067943455,200.530673244272,22.31526430372092,91.52212844969688,6.089830911757972,113.58793122882133,apple,True
25.812302434599168,136.6003214944439,200.2700205420661,35.23330131107388,81.65273036962965,6.074268987690145,68.43288786477234,grapes,True
3.0,9.0,35.0,26.91641934,99.84671638,6.318552972999999,225.6323656,coconut,False
5.0,45.0,21.0,28.36291385,88.00989267,6.487124217000001,43.05130077,mungbean,False
32.0,66.0,17.0,34.9466155,65.26774011,7.162357641,70.1415139,blackgram,False
31.0,72.0,17.0,28.69180475,49.47225353,5.833031707999999,96.36222901,pigeonpeas,False
36.0,140.0,198.0,23.34386401,91.47684705,6.28188384,104.4267991,apple,False
15.0,9.0,11.0,11.54785707,94.14861001,7.907956251,108.82891709999998,orange,False
18.0,66.0,22.0,25.87990287,67.55109024,6.347379185,47.89645224,lentil,False
19.0,53.0,22.0,27.8640132,80.4513142,6.852884642999999,42.83053902,mungbean,False
66.0,54.0,21.0,25.19008683,60.200168700000006,5.919045532,72.12375573,maize,False
3.0,68.0,16.0,18.31910448,34.69776639,4.964887857,107.4721605,pigeonpeas,False
30.0,7.0,15.0,33.23453301,91.06053924,7.825531916,115.7659902,orange,False
81.24193421478184,51.58312886826543,40.50448539321634,23.858674447441825,81.70762667884435,6.758768784178789,182.5616319,rice,True
91.0,50.0,40.0,20.82477109,84.1341879,6.462391607000001,230.22422230000004,rice,False
86.0,39.0,43.0,26.14576648,71.23690851,6.432051512,193.1007598,jute,False
33.0,75.0,21.0,33.04687968,68.93875631,6.690655045,62.30278274,blackgram,False
86.89981205001429,45.29230724082129,40.15723018800512,25.630224378453192,85.44201156297721,6.604039631989581,174.66586238498525,jute,True
29.0,25.0,14.0,30.49183837,90.4582865,7.781988584,113.3302105,orange,False
90.0,46.0,42.0,23.97898217,81.45061596,7.50283396,250.0832336,rice,False
123.72931360529154,45.63758285327058,18.639271174655796,22.696702051765463,80.82129125360198,6.8771876074225835,74.71090604563383,cotton,True
45.0,61.0,78.0,19.48649305,16.06240074,6.489389282,81.52842690000001,chickpea,False
103.0,72.0,51.0,26.12643374,81.81365007,6.099478745,104.4812858,banana,False
29.0,34.0,26.0,33.88004781,54.39416048,6.2739536760000005,89.29147581,mango,False
82.0,13.0,52.0,27.11535046,94.86907886,6.442810053,26.51924782,muskmelon,False
19.294858839573102,15.50905712100998,9.838891519191584,22.381025667756283,92.11415862584582,6.962783539640303,111.1966108929343,orange,True
32.96593526691892,7.932817512371173,9.416492469464213,22.752182096977787,91.61155810016903,7.2762517050158815,112.79971671693686,orange,True
18.45009372058019,50.24962115994139,23.45369098993719,28.551698697794865,84.40882393293873,6.554166580742111,50.36779150593421,mungbean,True
29.0,145.0,205.0,22.81227579,92.12992101,6.212302608,109.3383552,apple,False
98.38820811026437,23.69604485374775,27.651043465221,25.409869506466304,56.74000403997586,6.869140262599815,163.8803016100899,coffee,True
85.3226821873246,52.708334566838296,20.58043093211252,25.031315048549757,64.57667806594681,6.8707655304974855,82.99824921853731,maize,True
20.0,23.0,11.0,31.852069399999998,90.12220323,6.407715561,109.9455062,orange,False
6.0,64.0,23.0,23.33565221,67.40460704,7.065264073,36.18678721,lentil,False
21.200869041564527,135.3966674816742,200.93821326778468,22.028114488132,92.1002544913329,5.866413900561923,110.3858092637371,apple,True
26.0,56.0,22.0,23.05276444,60.424786,7.011121216,52.60285259,lentil,False
11.0,72.0,22.0,29.37735586,44.82294584,6.842744374,172.40168,pigeonpeas,False
41.02123045438305,70.25100801417194,20.526415272482943,27.797562154183954,61.97413019795036,7.320543366577175,70.36898235237192,blackgram,True
48.0,62.0,47.0,25.34756111,93.02871078,6.803094965,174.40123369999995,papaya,False
33.0,59.0,22.0,22.64236876,21.59396123,5.946999529,122.3886015,kidneybeans,False
29.0,57.0,20.0,25.60973447,50.7330069,5.87707519,53.39249517,mothbeans,False
102.0,28.0,54.0,25.15623099,80.27525115,6.862157042000001,55.49541453,watermelon,False
83.0,79.0,55.0,25.14748006,83.34688193,5.565028635,98.66679427,banana,False
61.98474238802899,61.09404190466237,47.36744574103498,23.983330895953138,92.92401913345353,6.7343538160826215,179.3746499478773,papaya,True
87.72748289906332,52.3197007924642,41.645861811615646,22.636123892806193,82.61510208849971,6.191969565006185,207.90636690605464,rice,True
32.0,55.0,51.0,29.60718808,93.15642801,6.57398033,62.68710535,papaya,False
22.59078819058888,69.28218159676793,21.592344426066685,20.222600668181133,23.133495247362703,5.771877000317134,114.06893527145117,kidneybeans,True
48.0,57.0,54.0,29.02328049,90.20396783,6.617703177999999,126.8069869,papaya,False
61.0,41.0,35.0,24.97178693,79.47557931,6.842966478999998,195.7571622,jute,False
31.0,79.0,25.0,23.18864385,22.3104551,5.902033406,63.38208822,kidneybeans,False
27.10352889199048,76.1617834198695,18.956931145251456,24.820799410583824,43.249924123254914,6.4609675711466545,166.6492973174835,pigeonpeas,True
101.0,10.0,47.0,25.5421695,83.31883376,6.936997681,57.57343233,watermelon,False
0.0,12.0,7.0,20.18432263,90.65458473,6.969249676,116.8130969,orange,False
3.0,58.0,21.0,25.36140526,46.82652785,9.160691747,55.60523179,mothbeans,False
20.786505389960897,18.501347366751027,28.36342954936242,28.234690715397388,93.8227833089906,5.895916581709793,175.35879859924714,coconut,True
113.96759106887713,47.03109013221036,17.936285809012116,24.504592972189958,78.00878752322164,6.822875440417612,77.10683233893738,cotton,True
74.31638357178615,46.663181483508815,41.92126370862943,24.3441293208667,79.40710500530876,6.88345271802994,156.83998591952235,jute,True
101.1196377825985,86.1483258000493,48.61973746834298,27.614670341409333,80.32184371898238,6.026372782715854,100.71091805612491,banana,True
5.0,126.0,197.0,12.80000387,81.20876367,6.417500829,67.10439401,grapes,False
15.618566663998376,46.160425828162246,18.383079805217104,26.78215990007881,54.565454606872,5.785403917185113,53.39553151481458,mothbeans,True
12.0,20.0,39.0,19.86173586,86.19740917,6.026999326,111.0217929,pomegranate,False
56.0,50.0,52.0,33.08706051,92.25197542,6.770384816,88.1300769,papaya,False
80.0,30.0,25.0,26.24092174,65.64381357,7.487266991,148.37712019999995,coffee,False
108.0,88.0,55.0,26.28845991,83.390039,5.891458107,113.8729798,banana,False
113.0,85.0,45.0,27.94972463,76.63713353,6.037430836,109.0921631,banana,False
100.50079656721174,18.99296917835267,49.0902776284477,25.487999865787977,85.13066949161183,6.272863494129581,47.379511802722995,watermelon,True
4.0,14.0,41.0,19.85139326,89.80732335,6.430163481,102.8186358,pomegranate,False
13.0,22.0,5.0,19.667056,90.50096668,7.764040111,100.1737964,orange,False
60.0,38.0,17.0,18.41932981,64.23580251,6.474476516,76.41312437,maize,False
13.26345774286128,21.53815428417075,8.267406277675725,21.179327663159537,92.24000465907893,7.590681206667963,109.26670294140722,orange,True
20.0,45.0,16.0,29.93964907,54.61813464,4.626212446,45.43669946,mothbeans,False
115.0,12.0,52.0,27.51492243,94.96218673,6.685553129,21.01796432,muskmelon,False
42.0,73.0,25.0,34.03679184,67.21113844,6.501869314,73.23573601,blackgram,False
9.0,122.0,201.0,29.58748357,80.91934392,5.570290539,68.06417307,grapes,False
9.0,77.0,17.0,21.65845777,63.58337146,6.280725549,38.07659414,lentil,False
13.0,75.0,20.0,30.55992394,35.29006485,6.979540061,178.8998611,pigeonpeas,False
35.0,57.0,25.0,27.0956288,42.26206161,8.340398059,71.12710390000002,mothbeans,False
26.0,32.0,32.0,30.91471455,49.92963856,6.810186079,90.14047759,mango,False
40.0,16.0,35.0,34.16438906,54.16482251,4.954739564,98.33351125,mango,False
27.0,43.0,23.0,31.70447482,56.85420099,5.875333778,44.94317432,mothbeans,False
4.0,36.0,22.0,27.60887393,86.13316408,7.012740397000001,43.80041104,mungbean,False
69.58689395345482,44.51045265993509,18.726300992431643,21.910529527672622,61.38154722069222,5.951762645685247,78.37831180123526,maize,True
19.0,24.0,15.0,20.48954522,93.72485075,7.137136973,111.83919509999998,orange,False
95.0,75.0,50.0,28.08166093,75.26429821,5.623615687000001,118.2761894,banana,False
107.0,51.0,22.0,24.86560781,78.22080815,5.983075895,79.56866268,cotton,False
37.0,36.0,26.0,32.89300162,52.61323969,4.650536197,94.49161372,mango,False
56.35488616103373,53.76368910784603,52.519334310777936,34.35017757771904,90.5211382213279,6.716355486023538,163.68383954712044,papaya,True
70.0,47.0,17.0,24.612911800000006,70.4162444,6.600827017,104.1626147,maize,False
24.0,80.0,19.0,29.67892453,69.0854554,6.8080417220000005,65.66436565,blackgram,False
101.61137097243922,19.09167414509874,49.99411304318668,29.13088944991193,91.87848885532738,6.472966448054544,25.436848384571558,muskmelon,True
136.0,36.0,24.0,22.74446976,80.41198458,7.59781958,90.07326633,cotton,False
82.0,77.0,46.0,28.9470467,82.1888998,5.901100841,95.83016448,banana,False
16.0,18.0,26.0,28.43647052,91.81320717,5.568365926,145.54144130000003,coconut,False
30.0,79.0,22.0,18.28766124,69.48515056,6.254216611,48.60449438,lentil,False
74.0,55.0,19.0,18.05033737,62.89366992,6.28886807,84.23613484,maize,False
2.0,38.0,18.0,27.53632932,89.92908171,6.619891497999999,45.48591922,mungbean,False
93.9360615516537,15.01742136068909,50.437439211804026,28.65145728861674,92.50486074051781,6.416780336031049,23.819858179901598,muskmelon,True
9.463165369926713,44.28982050531424,21.41780071853504,28.261131590097524,84.31826536120626,6.91159521633902,53.173039706043234,mungbean,True
68.27115283837237,46.266739503185995,39.8808786829114,23.860718339277344,82.54151747573667,6.519344259327928,231.64869974465452,rice,True
14.0,48.0,21.0,29.24598976,84.80084105,6.991242362,53.43228915,mungbean,False
4.0,67.0,25.0,23.78709569,24.35679348,5.948164454,119.6404412,kidneybeans,False
52.0,56.0,85.0,20.118744600000007,14.44228303,6.81712422,88.68168643,chickpea,False
76.0,49.0,42.0,24.958779,84.47963372,5.206373153,196.95600080000003,rice,False
30.0,20.0,38.0,22.59890174,93.16343942,7.058222596,110.0932899,pomegranate,False
10.0,75.0,17.0,18.43966037,68.05394959,7.732194787999999,39.00992137,lentil,False
56.0,76.0,16.0,28.27265858,61.18956161,7.5131510760000015,63.29900785,blackgram,False
4.0,136.0,204.0,29.93707596,81.77713468,5.898944282,65.52279323,grapes,False
38.0,19.0,31.0,34.73823882,49.08864345,5.855119267999999,90.65022183,mango,False
78.0,42.0,42.0,20.13017482,81.60487287,7.628472891,262.7173405,rice,False
40.0,120.0,197.0,23.80593812,92.48879468,5.889480679,119.6335548,apple,False
42.53380018059192,67.68591770656404,17.163501387383036,29.904572809908757,65.00687091956816,7.468777286187763,69.75492848948451,blackgram,True
15.5007300692655,68.95490693410238,19.25364658625119,27.211315690321342,52.714974575483254,5.504092334454634,162.464253547016,pigeonpeas,True
29.391939524522932,128.74449375493364,200.5910202615755,28.342207198644772,82.2636962996181,6.311741314411804,68.48508445013448,grapes,True
89.0,85.0,55.0,26.671983500000003,76.48541655,6.275384607,91.73358569,banana,False
18.0,57.0,21.0,27.37659643,63.93927841,6.155915975,49.47371773,lentil,False
6.0,37.0,17.0,28.08657178,80.35005927,6.760694227999999,38.14476781,mungbean,False
56.0,58.0,49.0,37.13165026,94.60761797,6.69215564,172.47880619999995,papaya,False
36.17526049236436,67.56409939976983,78.17168198603818,19.13899872393147,18.097451743443965,7.305970569432823,79.27691281129725,chickpea,True
24.332722843949878,65.71193098853637,19.742863907109943,22.395324636530628,63.85889727366144,6.7422120499917675,48.21122264918526,lentil,True
21.401042437031656,15.910850289361882,27.445253968949203,26.790325205086557,94.490920917864,5.877925386517359,196.0477186808803,coconut,True
118.0,33.0,30.0,24.13179691,67.22512329,6.362607851,173.32283859999995,coffee,False
38.0,15.0,27.0,33.7462686,48.50387598,6.777788126,92.26439205,mango,False
39.0,42.0,20.0,29.3499706,61.25353851,8.055908857999999,40.82840673,mothbeans,False
60.0,36.0,43.0,23.43121862,83.06310136,5.286203711000001,219.9048349,rice,False
32.0,79.0,22.0,27.60195453,63.46170674,5.91645379,54.37814199,lentil,False
108.0,60.0,17.0,22.75805656,76.75768356,6.558902588,97.76600619,cotton,False
31.0,13.0,33.0,27.63834933,95.48763389,5.85971872,205.5463111,coconut,False
10.0,78.0,18.0,18.54141834,62.70637578,6.296976913,44.07819743,lentil,False
3.0,28.0,33.0,30.33723921,48.88704844,5.755049971,94.42850522,mango,False
3.0,18.0,31.0,31.65333432,48.20662669,6.392313972999999,91.09745581,mango,False
24.120756411968717,134.73678293736032,203.67914564372757,25.199787789424523,82.16072512372733,5.86523703134408,67.71250857956595,grapes,True
113.0,41.0,20.0,25.0017188,80.53965818,7.256877571,96.32600992,cotton,False
32.0,14.0,37.0,22.73031253,88.48567856,6.825256236,104.6843243,pomegranate,False
22.0,60.0,24.0,18.78226261,20.24768314,5.630664753,104.2570723,kidneybeans,False
82.81407521411379,47.30519836908571,39.018271843346795,24.964883949884385,83.5944464208816,6.856693058241891,161.8896872024389,jute,True
17.49885434567695,17.55105648614374,31.139064651540618,27.699144810183007,93.07063786180497,6.099479797569896,163.89459316599488,coconut,True
88.0,35.0,40.0,23.57943626,83.58760316,5.85393208,291.2986618000001,rice,False
25.0,59.0,19.0,29.06631494,83.6869203,6.626629798,43.95183726,mungbean,False
95.0,55.0,42.0,26.79533926,82.1480873,5.950660556,193.3473987,rice,False
45.797001683207895,59.95610074799423,47.45196920165719,35.91489335355874,91.72613985040394,6.76874703417758,125.83255668761015,papaya,True
26.0,50.0,19.0,27.3179125,51.66921088,6.005242945,32.55919573,mothbeans,False
124.82220148446763,50.31544159147247,17.036914441948827,24.160191580236134,81.39261999365075,6.392646739066889,80.35365210588859,cotton,True
9.0,8.0,40.0,22.48720144,89.9224883,6.553509673,111.6631582,pomegranate,False
40.0,5.0,29.0,28.48444906,97.76865458,5.820978791,160.389421,coconut,False
27.0,10.0,33.0,27.81132822,97.48410555,6.465906333,154.06212209999995,coconut,False
17.0,57.0,20.0,28.50677929,45.20094476,3.793575185,66.1761456,mothbeans,False
70.0,68.0,45.0,33.83508569,92.85470152,6.991626158,203.4044028,papaya,False
80.15332732168667,49.13496924940035,37.76311760924196,24.478611832635224,82.6991187933658,6.214788154819117,233.22306675316864,rice,True
35.0,64.0,78.0,17.92845928,14.27327988,7.496645259,85.37378769,chickpea,False
27.0,62.0,24.0,28.63005477,66.770943,7.353876754,62.2737345,blackgram,False
108.0,26.0,52.0,28.82629037,94.26765349,6.201797639,26.23838511,muskmelon,False
87.01742073668652,52.50862359450502,38.33649318379364,24.749634432167053,80.96265625142212,7.297834421036577,185.95153714085848,jute,True
94.0,54.0,17.0,23.39128187,61.74427165,5.871647806,107.3198135,maize,False
7.0,20.0,12.0,16.53460397,94.76759975,6.475275337,110.0447896,orange,False
34.0,45.0,21.0,28.18837136,82.60629652,6.2873801170000005,37.01110438,mungbean,False
14.895958089105614,67.34712572359675,18.168609116606408,22.016451832521188,52.12171002878221,5.481525082701904,163.8478216137017,pigeonpeas,True
85.0,25.0,47.0,26.11440416,87.64081095,6.29542477,58.48160844,watermelon,False
40.0,45.0,20.0,29.37687468,57.69622912,6.878498176,38.34303462,mothbeans,False
81.5954330141409,51.540514336219445,39.729323372045485,24.01189300779906,82.1407907750625,6.1768917192448125,245.1463625043861,rice,True
40.0,49.0,47.0,42.93368602,91.1756748,6.501521192,246.36132680000003,papaya,False
31.0,20.0,26.0,25.56567803,97.61361544,6.443168642000001,199.7936345,coconut,False
91.0,41.0,37.0,24.48556447,83.20630007,6.132570522999999,192.2316221,jute,False
75.0,49.0,15.0,21.53574127,71.50905983,5.918263801,102.4852929,maize,False
90.73271219206997,17.848214307205332,50.132925959813186,25.959039554943214,86.05730988953037,6.075643728462171,52.38568866839774,watermelon,True
63.0,37.0,43.0,23.41798979,85.08640476,6.661957897000001,185.7446728,jute,False
10.0,5.0,42.0,20.24104904,91.08706822,6.887005997,109.2537734,pomegranate,False
95.94093517191969,11.71706123501029,48.99512970782903,26.228689113357596,84.85495928670365,6.594895945797038,43.51477889476482,watermelon,True
79.0,59.0,17.0,20.37999665,63.73849998,6.644205485,108.5054416,maize,False
9.0,29.0,34.0,29.38471637,45.88744691,5.72742254,100.8124659,mango,False
40.0,9.0,41.0,24.37766782,85.4017118,5.78270695,106.128338,pomegranate,False
25.0,48.0,21.0,28.438097,83.48991368,6.267684328,52.55469976,mungbean,False
34.0,59.0,23.0,28.56212158,83.24855855,6.935804256,56.48265193,mungbean,False
90.0,52.0,25.0,25.97482359,69.36385721,6.822586546,103.2234212,maize,False
25.0,70.0,16.0,19.63474332,18.90705639,5.759237003,106.3598183,kidneybeans,False
65.39055496235315,44.932576694075905,38.49718367880484,25.89207376690381,74.95058421582273,6.411104657679258,183.16106243718716,jute,True
22.340888632394236,19.593904925454385,8.088897384250705,25.13056630886696,91.64522051363753,7.108730248384904,109.82473826354655,orange,True
111.0,79.0,53.0,28.31193338,75.77363772,6.165001277999999,119.695765,banana,False
50.40856391932107,55.87618789611648,49.52489529226558,40.467467415041895,92.47135273147687,6.653951002925336,148.43432821100956,papaya,True
18.122483631869763,74.93453374161226,18.14223074722188,28.835947046110004,42.60826957533216,6.17122779117026,154.37963807912203,pigeonpeas,True
18.691283330161,59.59334520497028,21.35226032633317,21.980286012966864,23.220147378698186,5.775474352875923,106.52109842207068,kidneybeans,True
120.0,87.0,52.0,28.0764455,76.05522115,5.905494703,118.99235729999998,banana,False
68.27443506111274,45.22124547015874,40.67983095752953,24.312210418751338,81.37833093343465,6.935507892984868,175.74927095980078,jute,True
27.49689660361957,133.75625295068593,198.49497451065625,22.28985308442669,92.80784425241629,6.029605192208596,114.583787691339,apple,True
0.0,137.0,195.0,22.4359017,80.18612085,6.329499832000001,65.3973168,grapes,False
85.0,38.0,41.0,21.58711777,82.7883708,6.2490506560000005,276.65524589999995,rice,False
98.81791365578994,10.564119162740159,49.98050805561188,25.852579270150454,83.18475819077693,6.565941268334048,51.047336671340744,watermelon,True
25.0,51.0,18.0,27.77799528,54.82130787,9.45949344,50.28438729,mothbeans,False
37.0,49.0,25.0,29.914544300000006,85.85384444,6.415459592,41.39081525,mungbean,False
20.038829891940562,45.05197128168176,19.591348028727808,28.55144813142933,86.76799184543088,6.709741167547666,49.823852395793054,mungbean,True
105.60311048189942,15.308105109679936,49.31147677561125,28.318833392939545,92.60066398744335,6.492853697094305,24.434587499047836,muskmelon,True
20.0,129.0,201.0,23.41044706,91.69913296,5.587905967,116.07779309999998,apple,False
3.0,9.0,45.0,23.89162561,89.61850203,6.535244251,104.617522,pomegranate,False
43.30635837046108,72.90186598963119,76.85251059448588,18.686897204534507,16.118292223164058,7.38471413989797,77.78908096127448,chickpea,True
42.0,79.0,23.0,27.71678273,63.29103387,6.781841984,68.56507978,blackgram,False
22.0,67.0,78.0,17.16606398,14.42457525,6.204090835,72.32667516,chickpea,False
73.0,43.0,42.0,26.58361011,78.00774772,6.310699968,154.8238864,jute,False
39.0,64.0,53.0,23.012401800000006,91.07355541,6.598860305,208.3357976,papaya,False
25.623566605057896,133.68747300938696,199.96053063848134,21.264831460989136,83.17837949754437,5.958536003084163,68.62907362443609,grapes,True
106.53218477356224,15.635304866546182,50.13678987523008,25.566325393260254,86.31717313212215,6.714380117765279,51.86617802375943,watermelon,True
95.8617120903194,75.52524414621044,48.65260198530817,27.55367621774441,80.10671414982056,5.9496048819019824,103.87895878458991,banana,True
87.0,48.0,38.0,23.81579631,80.94023552,7.161865733,190.312216,jute,False
34.0,10.0,14.0,34.05296914,92.05811721,6.725600855,116.8020848,orange,False
82.0,78.0,46.0,25.05802193,84.97323747,5.738678895,110.4408803,banana,False
19.0,57.0,23.0,23.6734328,47.2879691,7.342409555,141.12507219999995,pigeonpeas,False
5.0,13.0,37.0,22.34375696,89.7870345,5.648243648999999,103.3183074,pomegranate,False
100.94677329809468,15.817100420481575,48.64285354295429,24.96698631213776,85.49135622924376,6.7228053004338255,51.38220844413114,watermelon,True
19.3603045908695,41.720362727915315,21.601577047470816,27.39179002031857,57.70462431797276,6.568582072618547,46.85453536306365,mothbeans,True
14.0,57.0,15.0,29.8757015,83.14796296,6.623438282,40.12044158,mungbean,False
16.731127744890056,19.476404244325344,9.470347577148202,25.707065562831843,92.27657488090078,7.388127202082322,109.6310732776335,orange,True
28.0,122.0,197.0,19.89363946,82.73366439,5.856575335,69.66256816,grapes,False
11.0,34.0,32.0,29.14305008,49.40983294,6.831706773,97.55155537,mango,False
95.0,27.0,55.0,28.47212559,91.21322065,6.160414414,20.88620369,muskmelon,False
21.161703001623447,49.47883697491084,20.74920571403593,28.255308844710225,86.27999484149413,6.60809053574827,46.237274203092745,mungbean,True
25.0,143.0,198.0,22.81212536,91.51861705,6.027314401,107.855225,apple,False
25.345541214154796,20.18128755875453,40.95359506329246,23.4949417301204,88.63516637618346,6.293508991508554,107.75707770516375,pomegranate,True
119.0,25.0,51.0,26.47330219,80.92254421,6.283818329,53.65742581,watermelon,False
29.099666440307082,71.14733393302637,20.39035303471513,24.393063190802895,44.7725065601191,5.702997863552939,153.6195441021656,pigeonpeas,True
7.0,16.0,9.0,18.87957654,92.04304496,7.813916602999999,114.6659511,orange,False
79.0,45.0,20.0,23.80546189,59.24537979,5.715208817000001,89.96220140000001,maize,False
31.0,68.0,45.0,42.92325255,90.07600528,6.938313356,196.2408242,papaya,False
7.0,23.0,35.0,19.75088482,88.71691157,7.054313822999999,102.5538035,pomegranate,False
4.927844517677697,20.835979948015563,38.371804425423676,21.98408967618506,90.64965570636869,6.577202663866688,105.78542371120358,pomegranate,True
30.0,61.0,18.0,27.14911056,67.02664337,6.157782589,52.50812701,lentil,False
117.0,56.0,15.0,25.99237426,77.0543546,7.368258226,89.1188212,cotton,False
2.0,30.0,30.0,26.00175125,94.79998418,6.331051715,209.540094,coconut,False
22.607536632767324,129.98743904139286,201.13607567205028,23.020055690344545,90.9105407243355,5.754564333776129,113.10880353302039,apple,True
78.0,35.0,44.0,26.54348085,84.67353597,7.072655622,183.6222657,rice,False
54.93853999963736,59.7103590506921,48.00332645531745,29.292248306355106,93.20065541233106,6.829556858899016,153.024963463372,papaya,True
85.15577188439563,48.8498889193934,40.40239539307607,25.55608158254119,80.97399995543276,7.004542918629836,181.72450141672743,jute,True
29.0,77.0,75.0,17.50361137,15.48083156,7.778591617999999,72.9446671,chickpea,False
73.0,58.0,21.0,19.97215954,57.68272924,6.596060648,60.65171481,maize,False
99.0,12.0,52.0,28.69708334,94.30759855,6.002927293,22.21807088,muskmelon,False
95.0,23.0,45.0,27.82424457,90.56698742,6.266208727,21.19014526,muskmelon,False
13.0,16.0,8.0,34.74004942,93.12316972,6.949838549,100.1967854,orange,False
15.0,54.0,15.0,29.97604322,57.03184356,8.35495812,44.86052932,mothbeans,False
33.0,57.0,17.0,27.89636126,88.71782287,6.78415271,57.79863368,mungbean,False
13.0,8.0,12.0,25.16296632,92.54736032,7.105904818,114.3117197,orange,False
107.0,21.0,26.0,26.45288458,55.32222678,7.235070264,144.68613359999995,coffee,False
104.0,18.0,30.0,23.60301571,60.39647474,6.779832611000002,140.9370415,coffee,False
27.0,57.0,24.0,27.33534897,43.35795962,6.09186275,142.33036769999995,pigeonpeas,False
36.0,26.0,26.0,30.17294105,51.0845903,6.814630246,95.23444287,mango,False
95.81966832252873,83.70047725705503,50.93655643582371,27.574107663882184,78.37637877633216,5.671278625779614,104.88239196276919,banana,True
28.0,7.0,9.0,34.591784600000004,92.13229786,6.730757538,115.5650287,orange,False
72.0,42.0,43.0,26.56767277,80.90424543,6.352771037,181.2915605,jute,False
20.76277185788161,64.7235899210942,20.81935443970205,22.57410684206069,36.40124734151421,6.363903674061847,164.36408437484977,pigeonpeas,True
17.0,67.0,18.0,31.2192752,56.46868874,5.611510977000001,129.20286529999998,pigeonpeas,False
43.556804103217004,66.67786893109424,20.2721259564036,29.955009599131053,66.10016752127912,6.941151119706861,67.85886897175426,blackgram,True
116.0,5.0,54.0,25.37601283,80.99313508,6.65398725,57.23028471,watermelon,False
100.0,56.0,40.0,26.38905406,83.31240346,7.433313409,176.1516409,jute,False
7.0,63.0,24.0,19.55750776,64.45268309,6.818681086000002,53.04669416,lentil,False
15.215959513285782,13.788330513687688,42.67382442932641,24.583931533562925,90.75764359248618,6.103795041440531,106.40911133035421,pomegranate,True
31.0,37.0,21.0,27.23924995,86.404241,6.713410626,37.31236904,mungbean,False
25.286707474304134,11.531712020378173,31.11870032356923,28.735315862922853,95.4704250990584,5.922456723336649,168.21385805893973,coconut,True
28.127299890747864,20.044195290129224,10.453423335169788,29.352830195290665,91.09824193232811,7.014731043814528,111.52216588397165,orange,True
53.0,55.0,55.0,33.32315744,91.25271223,6.709668804,234.496633,papaya,False
57.0,73.0,85.0,18.49311205,14.72115044,7.358099622,91.94595352,chickpea,False
16.0,7.0,8.0,22.79196751,90.60901895,6.420457311,116.5084074,orange,False
95.0,13.0,46.0,29.84070774,93.76312893,6.126019932,23.28207838,muskmelon,False
117.0,32.0,34.0,26.2724184,52.12739421,6.758792552,127.1752928,coffee,False
100.0,48.0,17.0,23.7805123,83.03878838,7.827877817999999,66.26555904,cotton,False
85.14206474136752,43.96015356105863,37.68098950371191,25.516927732578374,80.9956000855274,6.59429356361359,162.86454995634065,jute,True
13.0,28.0,33.0,28.130115000000004,95.64807631,5.686972967000001,151.0761899,coconut,False
11.0,60.0,23.0,27.33684386,88.50229102,7.033012777000001,51.09802625,mungbean,False
26.952257161714893,10.34608203511658,29.598325730141614,26.60792286365788,93.54764633794315,5.984253651622996,144.97054900764812,coconut,True
20.80851632869038,67.3263392920834,19.155478673333107,19.53085229438268,23.2087321205314,5.741529759158048,95.66066332731742,kidneybeans,True
48.2644536633212,56.37912803981106,49.79029803716632,39.64047172312962,93.38708875170406,6.767558714024608,141.8134067996647,papaya,True
114.0,40.0,23.0,25.53676123,81.13668716,6.7539780610000015,95.4262599,cotton,False
27.0,71.0,24.0,31.46417866,48.17631461,7.064973419,165.40535400000005,pigeonpeas,False
30.0,30.0,35.0,25.00872392,95.59224018,6.001936419,165.8092179,coconut,False
34.0,61.0,49.0,28.12971499,93.3210737,6.502675132,117.8201907,papaya,False
61.0,60.0,15.0,24.87502824,68.74248334,6.265564338,91.26056654,maize,False
24.0,142.0,202.0,22.53779727,91.48135786,5.710819862,101.8474768,apple,False
118.0,44.0,23.0,22.08458267,82.82904143,6.6916904760000016,67.06459777,cotton,False
113.0,19.0,46.0,25.41864024,81.12122989,6.286387658,49.52320689,watermelon,False
113.26668196314853,43.965794105470714,18.51975728847395,23.6677651697862,81.5202663765751,7.109856429228277,90.00092721923208,cotton,True
73.96864075853821,40.72670132118533,42.12768872961258,25.081837579710964,82.69886434916452,6.081062772697443,267.2369504067831,rice,True
98.86190660817243,16.360563479419337,48.53771661351754,29.26961092883171,90.43189972396661,6.451166837062235,24.046738013325175,muskmelon,True
36.0,38.0,15.0,28.36363858,87.59810657,6.3206620120000006,57.99524359,mungbean,False
68.0,70.0,54.0,31.29986342,92.76039164,6.986228647000001,54.77830202,papaya,False
26.34488181987486,134.8271632143478,199.50028639356694,34.17811036366302,82.01320327345002,5.748179267758938,68.13244307421446,grapes,True
65.0,60.0,22.0,25.36768364,72.52054555,6.6069840860000015,107.9124111,maize,False
7.0,17.0,26.0,34.89226666,48.75613373,6.414526606,91.63074547,mango,False
0.0,49.0,18.0,29.68361658,87.93598094,6.990095452,41.82490236,mungbean,False
118.0,31.0,34.0,27.54823036,62.88179198,6.123796057000001,181.4170812,coffee,False
15.215587024039342,52.30724809900321,18.542753982298922,28.64497413580267,83.16273222862958,6.431527967959115,49.536274230855334,mungbean,True
118.0,45.0,23.0,23.37044424,77.43198948,7.977651226,71.67870701,cotton,False
60.0,54.0,19.0,18.74826712,62.49878458,6.417820493,70.23401597,maize,False
29.737690003511183,64.66671819316426,79.01037171230327,18.633972527022102,16.893464451178197,7.212082453902527,84.22713782243298,chickpea,True
35.0,63.0,76.0,17.81564548,17.60756635,7.714153037999999,90.82097601,chickpea,False
34.0,66.0,19.0,32.97030511,60.18122078,7.586642101,73.44678678,blackgram,False
3.0,72.0,24.0,36.51268371,57.92887167,6.03160778,122.6539694,pigeonpeas,False
74.0,56.0,22.0,18.28362235,66.65952796,6.829199275,80.97573281,maize,False
39.0,58.0,85.0,17.88776475,15.40589717,5.9969320370000005,68.54932919,chickpea,False
39.0,65.0,23.0,25.43459777,69.12613376,7.685959305,41.02682925,lentil,False
47.69782577718218,66.31224083295281,16.542919138427806,29.949749664841846,63.85578843270965,7.0701849372900245,67.71346199402068,blackgram,True
108.0,22.0,47.0,28.53545677,91.72742702,6.161123579,25.1290048,muskmelon,False
39.0,70.0,52.0,26.26559543,90.79668055,6.65149129,59.49373381,papaya,False
27.0,30.0,5.0,32.71748548,90.54608254,7.656978112000001,113.328978,orange,False
83.90649802497417,55.16151200248232,36.929861637063915,25.232476997178345,80.30697671856137,6.7859870652294125,236.0328250109123,rice,True
34.0,65.0,47.0,23.48546973,93.71043692,6.833768535,191.7760562,papaya,False
24.225347563387906,18.15761924279181,38.07194618512375,22.340011239230204,90.43203900568756,6.373219076308834,107.474222704389,pomegranate,True
23.0,23.0,30.0,32.82141065,47.45553843,4.755273631000001,90.89173106,mango,False
12.0,6.0,8.0,30.84835031,92.86773675,6.388617138,107.4142681,orange,False
102.38773889299866,32.85847010036309,26.134247314875086,26.735411523958025,59.96475884385175,7.015110005308373,142.39388898122692,coffee,True
42.0,53.0,48.0,23.11407669,94.31994776,6.758479569,231.5153161,papaya,False
6.0,68.0,18.0,24.388717,62.50453062,6.711341147000001,47.26052494,lentil,False
31.0,121.0,201.0,23.15791104,90.34396882,5.731535257999999,110.712841,apple,False
94.8869109354273,83.3469979271731,49.36151049138495,27.173711479018348,80.61808635979888,6.067682459888079,103.03277941234076,banana,True
10.0,59.0,15.0,29.83040388,89.30428305,6.32400451,58.86687093,mungbean,False
85.0,58.0,41.0,21.77046169,80.31964408,7.038096361,226.6555374,rice,False
94.0,26.0,27.0,26.36629861,52.25738495,7.456460375,177.31761609999995,coffee,False
23.0,45.0,23.0,28.77653519,86.69133979,6.983130466,56.12443206,mungbean,False
5.0,25.0,6.0,30.72119881,94.01331956,6.0113021810000005,106.8118019,orange,False
14.0,121.0,203.0,9.724457611,83.74765639,6.1586894060000015,74.46411148,grapes,False
17.70554991945412,73.13423280927009,20.965412926246575,31.666077777107873,49.50568541534316,5.827961981566976,134.01010571768316,pigeonpeas,True
22.74491524673248,127.45011055120429,197.70677948698406,26.601490235188397,80.34387151809347,6.056570111285872,68.90623590304587,grapes,True
35.0,128.0,205.0,21.07273439,93.56585985,6.041053829,107.8737015,apple,False
24.0,27.0,34.0,28.87862994,95.11320315,6.203376525,145.0583117,coconut,False
16.0,35.0,31.0,32.27652024,50.19368841,5.316875978000001,95.99487068,mango,False
17.237740197860223,14.277783929157936,41.639898337702704,20.514570273376286,89.87351938678643,6.419311179937829,108.5643050831352,pomegranate,True
33.0,12.0,15.0,30.25578031,92.03272799,6.052318465,116.7173125,orange,False
107.0,58.0,15.0,23.73868041,75.77503808,7.55606399,76.63669195,cotton,False
9.0,48.0,22.0,27.77076285,87.09979549,6.402926221,49.50812624,mungbean,False
24.0,44.0,17.0,29.8596912,80.03499648,6.666380512000001,50.66487502,mungbean,False
19.0,120.0,195.0,18.73932187,81.12109244,5.931538447,73.55807954,grapes,False
27.0,80.0,15.0,19.07096165,21.21092266,5.7883869510000014,86.21917578,kidneybeans,False
4.0,59.0,25.0,27.68515114,81.94268594,6.227134139,54.62243308,mungbean,False
98.0,26.0,52.0,27.33897716,90.69759008,6.150090898999999,28.69113835,muskmelon,False
115.0,18.0,53.0,29.17052093,94.19790371,6.0124803510000016,22.06994464,muskmelon,False
50.0,74.0,17.0,27.10053268,63.36085585,6.5408208,73.84949872,blackgram,False
1.0,132.0,200.0,16.27852801,82.94270065,5.620745638,66.57462809,grapes,False
66.0,69.0,47.0,23.69212243,93.61055571,6.912299695,87.53393983,papaya,False
18.0,21.0,35.0,23.2801227,94.94330457,6.368560522,111.1382096,pomegranate,False
79.45626591211055,50.78406213721797,19.88432921295843,21.48645839488602,64.38047398615683,6.2491083760748065,84.49740263974009,maize,True
19.725123351244964,18.522835871267972,30.25368079100311,29.976950061397833,50.825921275351504,5.315382557884235,94.75460461943096,mango,True
85.0,27.0,45.0,26.0713757,88.7285657,6.467095849,57.79652846,watermelon,False
115.0,17.0,55.0,27.57826922,94.11878202,6.776533055,28.08253201,muskmelon,False
113.0,6.0,52.0,27.76317235,90.35567642,6.740983646,25.21609113,muskmelon,False
12.644321487099566,133.2506727919558,199.44768080257106,22.726991504806776,91.92839634369366,5.9930687324553835,116.2514321044617,apple,True
82.0,26.0,47.0,28.50416396,93.46806467,6.565312652999999,24.20007242,muskmelon,False
62.0,49.0,37.0,24.21744605,82.85284045,7.479248124,166.13658859999995,jute,False
6.0,144.0,198.0,21.11478672,90.31528693,5.559363609,104.5086618,apple,False
26.0,11.0,11.0,13.70319166,90.95589386,7.609348255,106.2944879,orange,False
82.0,25.0,51.0,24.31334971,87.47409052,6.074209622000001,48.11248366,watermelon,False
89.9596373570446,52.88495259209093,40.80222483021439,24.073716850221366,82.21044180855264,5.940763059746923,232.4746436120674,rice,True
70.9452007263374,44.67094134744874,39.67876405817994,24.083538033886008,82.5030827087423,6.854826073009561,255.87311325594823,rice,True
36.0,11.0,13.0,17.34083741,93.04897191,7.1917274,112.7194284,orange,False
116.0,81.0,55.0,26.42313317,83.69950440000002,5.915546415,95.12322062,banana,False
58.0,73.0,16.0,33.36984395,65.67718163,6.874142175,64.89517488,blackgram,False
24.410994383870726,34.61727887443006,31.036706048816097,33.14847366892434,48.99052341064519,5.849518129727144,93.1301088742273,mango,True
31.0,137.0,196.0,22.14464104,93.82567435,6.400321212000001,120.6310784,apple,False
8.619992862500103,77.50700937091418,18.051729790963883,26.13745290277802,66.22921419956619,6.654482380168583,47.06973608265749,lentil,True
17.00931183677805,49.98116582159783,19.876246235643343,27.997628335060032,55.248117038531845,6.698923640659541,49.285396018403475,mothbeans,True
20.709301600878863,65.48356459760444,19.224423807216898,23.49598790457387,68.18007185465596,6.903288559337422,50.032579060891045,lentil,True
31.0,6.0,26.0,29.12859129,91.30924833,5.741367375,157.2388553,coconut,False
61.0,64.0,52.0,43.30204933,92.83405443,6.641098708,110.562229,papaya,False
7.0,28.0,35.0,30.02086169,46.78393776,4.66910839,96.63721027,mango,False
27.136553572894954,64.14249367785074,18.509987912622652,19.8596787361417,22.501732195751924,5.652775811570796,84.14243124862244,kidneybeans,True
117.0,86.0,53.0,25.19640218,83.55829874,5.703381727999999,115.8586081,banana,False
25.0,51.0,24.0,25.5042419,61.66852372,9.392694614,65.07981523,mothbeans,False
26.0,15.0,6.0,17.22034507,94.78797376,6.912033409,108.0054343,orange,False
21.413917298727057,44.34362622147055,18.184195243113148,28.310811514080633,86.08441073611617,6.7721908123925285,40.93087482462547,mungbean,True
22.050957597452083,18.63981338700544,39.35353206114121,22.164569417775194,91.52625748956649,6.225941398382701,107.52145250923064,pomegranate,True
65.32917005885105,48.71902073196391,36.3128165749914,25.82941529032964,80.10657809825548,6.955879433152164,167.99161606090303,jute,True
65.0,63.0,50.0,31.88342554,91.3256535,6.524459342,79.27201575,papaya,False
100.0,41.0,22.0,22.4204752,84.55794703,7.318802162000001,93.46595573,cotton,False
88.0,46.0,42.0,22.68319059,83.46358271,6.604993475,194.2651719,rice,False
114.0,94.0,53.0,26.33544853,76.8532006,6.190757458999999,118.6858263,banana,False
28.0,57.0,17.0,30.47757686,61.58245338,9.416003106,61.86633917,mothbeans,False
26.844181469767996,44.26364196413055,20.42060523128249,28.495766868702916,83.99904476738338,6.636680249782613,53.32469984649339,mungbean,True
28.0,69.0,16.0,29.77013109,66.29327012,6.547361617999999,35.69674138,lentil,False
120.0,16.0,51.0,27.99901833,91.64193051,6.547041902999999,23.28618248,muskmelon,False
19.0,30.0,30.0,29.56549169,91.40896307,5.826381164,224.83157290000003,coconut,False
99.0,73.0,53.0,26.29039046,81.06003778,5.8717022110000014,118.6730366,banana,False
58.0,70.0,84.0,20.6543203,16.60820843,6.231049027999999,74.6631118,chickpea,False
27.0,72.0,23.0,19.92889503,21.79992115,5.961934481,64.02640797,kidneybeans,False
21.511398530756452,11.269594056114949,9.278644166982048,14.863814947487196,92.34215120702005,6.872815294202814,106.22126534245521,orange,True
26.0,66.0,22.0,18.06486101,65.1034354,6.300479414,51.54922825,lentil,False
37.0,70.0,25.0,19.73136909,24.89487354,5.819403771,84.06354115,kidneybeans,False
110.53322281524723,17.04369843808932,49.366561111268915,29.135116880728578,91.79918360805827,6.289958916823656,24.704164212841516,muskmelon,True
21.527616789411148,66.5949842980818,22.191630907697327,29.77960084019788,42.675981013468835,5.365074476520888,157.57104756142024,pigeonpeas,True
111.0,87.0,48.0,26.3985515,81.36028902,5.571401169,98.16752001,banana,False
10.175602783526521,32.558009400231995,29.39217432075474,31.350957311022132,48.393578471120236,5.951505026037348,93.61718332603508,mango,True
111.0,5.0,50.0,27.59350075,91.79742953,6.399891457000001,24.84266123,muskmelon,False
86.28586985736594,48.781933647719924,17.34634135793962,19.918672937004327,65.7871820340559,6.123040434191756,77.6573740717689,maize,True
1.0,27.0,36.0,23.98598756,93.34236582,5.684995235,104.991282,pomegranate,False
15.0,123.0,204.0,22.52709326,92.54780429,6.365972687999999,115.3830068,apple,False
22.466003183926077,49.98325237143689,22.582051395648982,28.597708110333727,85.33881535984776,6.94013716712325,51.846732665607306,mungbean,True
22.0,8.0,33.0,28.43572863,95.8840407,5.665785202,203.9283708,coconut,False
23.963581894635123,49.72810313393818,20.65801502447045,28.245967374091787,55.59597947830501,7.7018364882705965,57.46349517197758,mothbeans,True
98.0,29.0,30.0,25.64004392,61.03273481,6.217974349,199.4735636,coffee,False
37.0,71.0,16.0,26.28663931,68.51966729,7.324863481,46.13833007,lentil,False
33.0,47.0,46.0,29.20300896,93.96834049,6.839443833,209.4083305,papaya,False
111.24954157400268,51.61315693279694,20.84244401189895,24.043152069435585,76.12683769519938,6.604291234278434,84.26044481948173,cotton,True
36.0,58.0,25.0,28.66024187,59.3189118,8.399135957999999,36.92629678,mothbeans,False
47.0,63.0,16.0,27.44003279,67.10464369,6.661870999,72.50669768,blackgram,False
1.0,12.0,30.0,27.754298,95.94643831,5.56222383,131.09000759999998,coconut,False
40.0,72.0,77.0,17.02498456,16.98861173,7.485996067,88.55123143,chickpea,False
103.0,33.0,33.0,26.71717393,50.50148528,7.131435858,126.8073984,coffee,False
82.0,46.0,41.0,23.325013100000003,79.79609448,6.581693772,187.3096148,jute,False
101.3595411275092,78.13200799821658,51.24549147675019,27.850060764116144,80.8982308582395,6.059206021859593,106.01987075399407,banana,True
43.0,64.0,47.0,38.58954491,91.58076549,6.8256647820000005,102.2708231,papaya,False
36.0,68.0,20.0,17.06104474,23.77201471,5.86442953,81.83420522,kidneybeans,False
42.99114579718993,63.43173755921881,78.75859671689456,19.67450207349734,16.44611482243403,8.235388407312293,80.05135126771945,chickpea,True
26.0,67.0,24.0,36.97794384,37.73992903,5.642813116,161.48129630000005,pigeonpeas,False
40.0,17.0,15.0,21.35093384,90.9492967,7.871063004,107.0862095,orange,False
40.0,78.0,20.0,19.18572809,20.83398341,5.669236258,80.15293435,kidneybeans,False
74.97328039312167,43.998967903457554,20.12747886988346,21.689338512679086,63.809566793464015,6.397742730397561,75.73605664741345,maize,True
2.0,143.0,196.0,22.71271308,90.45261746,5.669489065,109.8852597,apple,False
1.0,35.0,34.0,30.79375683,46.69536813,6.27339822,92.21318555,mango,False
96.0,13.0,55.0,29.5275305,94.57459443,6.700337732,21.13545688,muskmelon,False
32.792915970425625,32.400853480902306,26.984359879446536,33.094436840049205,51.44706587540651,5.222694118311469,94.19838402296317,mango,True
76.0,44.0,45.0,25.4879684,84.48235878,6.740947635,168.7848886,jute,False
37.0,36.0,27.0,27.552973600000005,47.90859131,5.910634533,90.40332704,mango,False
91.0,12.0,46.0,24.64458469,85.49938185,6.343942518,48.31219031,watermelon,False
16.33055866768674,63.89157890023221,22.01417444157006,21.898836420433845,20.531332793816112,5.819696816862582,104.78445486799566,kidneybeans,True
76.0,47.0,42.0,20.08369642,83.29114712,5.739175027000001,263.6372176,rice,False
98.0,43.0,35.0,25.40785911,76.44048625,7.319952206,188.6372826,jute,False
1.0,29.0,29.0,27.32961444,49.30347234,6.052026047000001,93.53197359,mango,False
20.0,67.0,19.0,19.24462755,50.54495302,5.671419084,180.6465282,pigeonpeas,False
5.0,65.0,16.0,21.32776028,18.48522915,5.866744372,109.1013261,kidneybeans,False
13.163199728154273,129.75626657227303,202.94007610367188,23.832773809645868,91.47898804346083,5.8801460443753415,113.86781131922457,apple,True
35.0,64.0,15.0,28.47442276,63.53604453,6.500144962,69.5274407,blackgram,False
106.42002358604262,83.48414997259196,49.828207711273976,27.62588690301641,83.09488675281264,6.264960396719055,104.95300754286805,banana,True
59.0,58.0,17.0,28.546224,66.31394098,7.368318809,62.83469851,blackgram,False
89.0,91.0,55.0,25.08347445,80.26173100000003,6.275572297999999,94.32961456,banana,False
0.0,74.0,17.0,23.33375853,64.50515776,7.240988401,47.01510708,lentil,False
6.0,62.0,22.0,20.53052663,18.09224048,5.824090984,120.4509288,kidneybeans,False
15.034849244609454,41.12661620099244,20.21538019247239,28.624486192330917,87.92475756119664,6.62819259967651,49.45730655816953,mungbean,True
35.6593450322532,66.23602746730823,80.95387653818824,18.87459758448324,17.151655515050948,7.605365842461418,78.57004137460699,chickpea,True
85.0,95.0,47.0,25.94019018,78.3422098,6.211833161,119.84797,banana,False
8.0,136.0,201.0,41.65602996,82.22118237,5.6092559920000005,74.19664838,grapes,False
37.0,77.0,17.0,36.20970524,31.94550613,5.617122801,191.0658531,pigeonpeas,False
40.0,79.0,17.0,21.12695586,63.18738532,6.403683619,38.71834464,lentil,False
32.80498849658297,65.7492600448401,21.531894959833384,28.412459254709685,62.1568806447766,6.787152011369525,67.9450518941448,blackgram,True
33.0,23.0,45.0,20.00218987,85.83618191,7.116538883,112.337046,pomegranate,False
121.0,53.0,19.0,23.51308653,76.72621429,7.976889497999999,80.11272117,cotton,False
23.0,72.0,84.0,19.02061277,17.13159126,6.920251378,79.92698081,chickpea,False
72.0,60.0,25.0,18.52510753,69.0276233,5.773454729,88.10234397,maize,False
18.0,125.0,203.0,22.44307715,91.59234006,6.160267496,102.5565807,apple,False
19.989941787608124,47.64272895277304,19.632033139901154,28.512581527752108,83.44208403074434,6.586024304533145,47.8721754706391,mungbean,True
110.14264026538252,48.7063045527824,18.332300911926904,23.661315848724964,80.32219814704385,6.7584710002565895,85.41223724068175,cotton,True
42.0,61.0,22.0,26.27274407,62.28814857,7.418650668,70.23207557,blackgram,False
24.0,128.0,196.0,22.75088787,90.69489172,5.521466996,110.4317855,apple,False
34.0,16.0,25.0,30.07202564,50.96040505,6.10729559,92.09609766,mango,False
21.34121242182523,68.01517929097767,18.425795635890175,23.409399948244072,63.02824550571332,7.196753506479978,45.90187977645167,lentil,True
110.0,78.0,50.0,25.93730186,78.89864446,5.915568968,98.21747528,banana,False
35.0,142.0,203.0,21.17089176,90.23730166,5.895319002000001,123.6495149,apple,False
103.0,51.0,20.0,22.80213132,84.14668447,7.0466074339999984,91.6389565,cotton,False
107.61054294172547,85.3045180671655,51.47376632411428,27.772536957426816,83.62321566117255,5.956129691843702,95.21227931306095,banana,True
88.0,54.0,44.0,25.7354293,83.88266234,6.149410611,233.1321372,rice,False
43.0,61.0,20.0,26.87187036,61.61367264,6.804253866,63.51822045,blackgram,False
82.60060456469297,44.118466589982184,41.796984975708774,26.268333424710853,79.30365753267532,6.243457517703671,170.66077508020516,jute,True
113.0,28.0,48.0,28.87726019,92.48839665,6.170520517999999,24.44267592,muskmelon,False
81.02075759189984,50.1989078706384,37.38567913436944,23.196850332496666,83.14428556291085,6.580099233783927,182.5616319,rice,True
89.0,25.0,54.0,24.69368934,85.56967628,6.353107392999999,48.99390828,watermelon,False
113.0,21.0,33.0,26.02241444,55.83288958,7.277422737999999,176.90209240000004,coffee,False
107.0,10.0,49.0,25.83202912,89.00481725,6.755192025,45.24690619,watermelon,False
16.499596926948115,64.87518818231565,21.97417005756466,30.268630178420587,51.35922754255489,6.178444205601901,116.84598851451412,pigeonpeas,True
18.758300718606595,69.47302960317481,20.169128384148884,24.74427226452488,64.2218104613441,6.836631948730012,43.377812349554176,lentil,True
99.48454911469729,20.365467886655722,47.57827248522134,28.40903475185021,91.48766770128543,6.563878040156256,25.90448595625756,muskmelon,True
80.0,52.0,39.0,26.41915161,76.85691248,7.165696848,197.2101782,jute,False
59.0,55.0,79.0,20.36720401,16.89574311,8.766128654,82.2545577,chickpea,False
84.0,40.0,43.0,25.01157559,88.33130229999998,7.228268227999999,169.4168014,jute,False
8.338448876418953,8.566296434615392,29.77561418137159,27.41995806555414,95.7711955802131,6.044599738953178,170.0243341308922,coconut,True
19.0,55.0,20.0,27.43329405,87.80507732,7.18530147,54.73367631,mungbean,False
101.5299743951742,28.306457045798126,31.838637948791735,25.40625005757884,56.84345943687817,6.684648057578344,174.41971079372848,coffee,True
6.0,142.0,202.0,27.23708304,82.94573346,6.224542938,70.42508897,grapes,False
23.171401564432106,130.53485204864546,199.26208553827072,23.16843544467386,92.07356829206459,6.028833546449686,109.3390429041869,apple,True
61.37178436057261,58.53027071539458,50.939231651936794,29.408319117219175,92.0688725097576,6.691909303517016,189.95042883258756,papaya,True
62.0,59.0,41.0,24.2248758,74.89465426,7.175170657000001,192.4931257,jute,False
27.0,40.0,24.0,27.84026517,89.99615558,7.063022095,52.84626009,mungbean,False
9.0,137.0,200.0,21.12152071,90.6878768,5.636687393,102.8017203,apple,False
11.044515906184532,23.414459524416813,9.079466775775199,23.38325399837853,92.78124012074878,6.732548883197674,108.91326633296606,orange,True
40.0,132.0,202.0,24.57558351,80.70695797,5.9718130060000005,69.706113,grapes,False
19.0,26.0,29.0,26.93141945,98.80313612,5.67154928,166.5712879,coconut,False
17.0,56.0,17.0,27.94293692,45.41393636,5.9565851,69.66289997,mothbeans,False
97.36000352759713,16.389095559284723,50.44106173307486,26.32206666703826,84.80600604350778,6.503181337685114,48.24763085327852,watermelon,True
17.623104231057308,46.22102143494638,17.810700520111713,27.357886278263365,47.185630727474425,7.419435707649345,70.44737508032283,mothbeans,True
65.8865432757487,49.34335214095893,41.565282947770015,24.05890894321155,82.68757578979863,6.267244854823823,204.26588810211098,rice,True
92.0,60.0,23.0,18.66746724,71.516474,5.721667141,69.93293255,maize,False
39.0,5.0,31.0,27.10134661,93.69979946,5.551963184,150.9502632,coconut,False
0.0,5.0,36.0,24.35193812,90.88612388,6.152906502,105.529185,pomegranate,False
15.058059704284412,44.35910293175307,23.496559514998395,27.998452808291127,50.45080776685945,8.163643945097807,53.13601841819943,mothbeans,True
62.0,56.0,35.0,25.97825807,81.65769588,6.235357637999999,163.3488091,jute,False
86.74521360884792,48.15089552922099,41.48981683886343,24.776381796117548,77.98350199397231,7.11368478002036,176.42280428040192,jute,True
90.0,86.0,55.0,27.96236771,84.15403614,5.644486582000001,97.55986676,banana,False
9.0,59.0,24.0,20.43517772,39.37252634,4.747352458,137.22796619999997,pigeonpeas,False
59.018473934952,62.77840904869611,51.098761011252044,30.870076713702918,93.6330880364377,6.7809545385190795,130.20449063497094,papaya,True
55.0,67.0,16.0,34.37329112,69.69366426,6.596719015,70.27184748,blackgram,False
47.067443678848605,66.59375390832294,17.596826636714713,29.896839553500005,66.58639067643016,6.952163071967176,65.97914398391694,blackgram,True
76.0,40.0,43.0,25.15745531,83.11713476,5.070175667,231.3843163,rice,False
25.0,64.0,20.0,33.15122581,32.45974539,4.807776748999999,105.03802749999998,pigeonpeas,False
0.0,36.0,26.0,34.13072188,51.25786185,5.101206389,96.38808001,mango,False
36.53669969774451,67.61533162116477,80.37481388436352,18.28331112080357,17.480417627465698,7.362193066532558,72.54383566180653,chickpea,True
27.0,24.0,41.0,24.32770134,90.88292835,6.610251186,110.4606459,pomegranate,False
22.0,138.0,195.0,27.83487131,83.51444973,6.208196881,73.02882766,grapes,False
96.07198852725035,29.270931748546005,29.912340548841208,25.753151213907678,62.035852913825536,6.422142919280256,170.57747713183682,coffee,True
29.38529015341197,17.747462388093272,10.678915068922864,26.60033457129513,92.42952485715321,6.758184217351432,103.50482854565246,orange,True
30.0,143.0,199.0,23.76881552,90.59810302,5.7983508000000015,102.2648546,apple,False
25.84901682442417,28.257181551478595,30.269438971845265,26.857065355395974,95.41887274732831,6.039696156847781,167.9248801944084,coconut,True
42.0,58.0,25.0,27.45853567,62.90020977,6.513620917999999,69.46020927,blackgram,False
18.0,23.0,8.0,21.49118657,93.43949693,6.41354791,101.4819888,orange,False
87.0,35.0,25.0,21.44526922,63.1621551,6.178056304,65.88951188,maize,False
49.55788276029909,62.62768965918867,47.761430134479475,35.95677509042807,91.85569022704176,6.619774856951546,106.43243800320678,papaya,True
88.0,35.0,35.0,27.55906475,58.45742907,6.784460602,117.9389993,coffee,False
117.0,25.0,54.0,28.68275966,92.50969311,6.150686363999999,29.11187663,muskmelon,False
17.0,77.0,23.0,24.51324787,20.81527638,5.670062975,64.19497947,kidneybeans,False
14.0,131.0,198.0,33.4641162,83.86742974,5.562790949,67.92204319,grapes,False
29.0,78.0,25.0,19.95991719,59.33157782,5.982854522999999,195.787103,pigeonpeas,False
111.0,28.0,26.0,27.77363343,64.47858698,6.937352845,192.7121236,coffee,False
10.0,5.0,5.0,21.21306973,91.35349216,7.817846496,112.9834361,orange,False
108.0,94.0,47.0,27.35911627,84.54625006,6.387431382999999,90.81250457,banana,False
11.0,36.0,31.0,27.92063282,51.77965917,6.47544932,100.2585673,mango,False
11.0,124.0,204.0,13.42988625,80.06633966,6.361141107000001,71.40043037,grapes,False
32.0,78.0,22.0,23.97081395,62.35557553,7.007037515,53.40906048,lentil,False
